giocatore,squadra,gol_totali,anno
Luca Toni,Verona,22,2015
Mauro Icardi,Inter,22,2015
Carlos Tevez,Juventus,20,2015
Gonzalo Higuaín,Napoli,18,2015
Jérémy Menez,Milan,16,2015
Domenico Berardi,Sassuolo,15,2015
Manolo Gabbiadini,Napoli,15,2015
Antonio Di Natale,Udinese,14,2015
Fabio Quagliarella,Torino,13,2015
Iago Falque,Genoa,13,2015
Miroslav Klose,Lazio,13,2015
Paulo Dybala,Palermo,13,2015
José Maria Callejon,Napoli,11,2015
Simone Zaza,Sassuolo,11,2015
Antonio Candreva,Lazio,10,2015
Cyril Thereau,Udinese,10,2015
Felipe Anderson,Lazio,10,2015
Franco Vazquez,Palermo,10,2015
Marco Parolo,Lazio,10,2015
Massimo Maccarone,Empoli,10,2015
Gonzalo Higuaín,Napoli,36,2016
Paulo Dybala,Juventus,19,2016
Carlos Bacca,Milan,18,2016
Mauro Icardi,Inter,16,2016
Leonardo Pavoletti,Genoa,14,2016
Mohamed Salah,Roma,14,2016
Éder,Inter,13,2016
Josip Ilicic,Fiorentina,13,2016
Massimo Maccarone,Empoli,13,2016
Andrea Belotti,Torino,12,2016
Lorenzo Insigne,Napoli,12,2016
Nikola Kalinic,Fiorentina,12,2016
Cyril Thereau,Udinese,11,2016
Alberto Gilardino,Palermo,10,2016
Antonio Candreva,Lazio,10,2016
Mario Mandzukic,Juventus,10,2016
Miralem Pjanic,Roma,10,2016
Daniel Ciofani,Frosinone,9,2016
Federico Dionisi,Frosinone,9,2016
Dzeko Edin,Roma,29,2017
Mertens Dries,Napoli,28,2017
Belotti Andrea,Torino,26,2017
Icardi Mauro Emanuel,Inter,24,2017
Higuaín Gonzalo,Juventus,24,2017
Immobile Ciro,Lazio,23,2017
Insigne Lorenzo,Napoli,18,2017
Papu Gomez Alejandro,Atalanta,16,2017
Keita Baldé Diao,Lazio,16,2017
Borriello Marco,Cagliari,16,2017
Salah Mohamed,Roma,15,2017
Kalinic Nikola,Fiorentina,15,2017
Callejon José Maria,Napoli,14,2017
Bacca Carlos,Milan,13,2017
Falcinelli Diego,Crotone,13,2017
Quagliarella Fabio,Sampdoria,12,2017
Defrel Gregoire André,Sassuolo,12,2017
Hamsik Marek,Napoli,12,2017
Thereau Cyril,Udinese,12,2017
Simeone Giovanni Pablo,Genoa,12,2017
Iago Falque Silva,Torino,12,2017
Nestorovski Ilija,Palermo,11,2017
Dybala Paulo,Juventus,11,2017
Nainggolan Radja,Roma,11,2017
Schick Patrik,Sampdoria,11,2017
Destro Mattia,Bologna,11,2017
Muriel Luis,Sampdoria,11,2017
Bernardeschi Federico,Fiorentina,11,2017
Perisic Ivan,Inter,11,2017
Babacar Khouma,Fiorentina,10,2017
Inglese Roberto,Chievo,10,2017
Ljajic Adem,Torino,10,2017
Zapata Duvan,Udinese,10,2017
Pellissier Sergio,Chievo,9,2017
Caprari Gianluca,Pescara,9,2017
Matri Alessandro,Sassuolo,8,2017
Eder Citadin,Inter,8,2017
Dzemaili Blerim,Bologna,8,2017
Perotti Diego,Roma,8,2017
Conti Andrea,Atalanta,8,2017
Lapadula Gianluca,Milan,8,2017
El Shaarawy Stephan,Roma,8,2017
Mandzukic Mario,Juventus,7,2017
Suso Jesus Fernandez,Milan,7,2017
Caldara Mattia,Atalanta,7,2017
Sau Marco,Cagliari,7,2017
Joao Pedro Guerra Cunha,Cagliari,7,2017
Birsa Valter,Chievo,7,2017
Farias Diego,Cagliari,7,2017
Perica Stipe,Udinese,6,2017
Banega Ever,Inter,6,2017
Rispoli Andrea,Palermo,6,2017
Kessie Franck,Atalanta,6,2017
Baselli Daniele,Torino,6,2017
Pellegrini Lorenzo,Sassuolo,6,2017
Kurtic Jasmin,Atalanta,6,2017
Candreva Antonio,Inter,6,2017
Benali Ahmad,Pescara,6,2017
Verdi Simone,Bologna,6,2017
Mchedlidze Levan,Empoli,6,2017
Castro Lucas Nahuel,Chievo,5,2017
Politano Matteo,Sassuolo,5,2017
Petagna Andrea,Atalanta,5,2017
Fofana Seko Mohamed,Udinese,5,2017
Freuler Remo,Atalanta,5,2017
Milik Arkadiusz,Napoli,5,2017
Parolo Marco,Lazio,5,2017
Bruno Fernandes Miguel,Sampdoria,5,2017
Maccarone Massimo,Empoli,5,2017
Jankto Jakub,Udinese,5,2017
Iemmello Pietro,Sassuolo,5,2017
Zielinski Piotr,Napoli,5,2017
Pasalic Mario,Milan,5,2017
Khedira Sami,Juventus,5,2017
Benassi Marco,Torino,5,2017
Ilicic Josip,Fiorentina,5,2017
Berardi Domenico,Sassuolo,5,2017
Pjanic Miralem,Juventus,5,2017
Deulofeu Gerard,Milan,4,2017
Di Francesco Federico,Bologna,4,2017
De Rossi Daniele,Roma,4,2017
Felipe Anderson Pereira,Lazio,4,2017
Strootman Kevin,Roma,4,2017
Tello Cristian,Fiorentina,4,2017
Biglia Lucas,Lazio,4,2017
Quaison Robin,Palermo,4,2017
Ragusa Antonino,Sassuolo,4,2017
Brozovic Marcelo,Inter,4,2017
Acerbi Francesco,Sassuolo,4,2017
Bahebeck Jean-Christophe,Pescara,4,2017
Milinkovic-Savic Sergej,Lazio,4,2017
De Paul Rodrigo Javier,Udinese,4,2017
Rigoni Luca,Genoa,3,2017
Bonucci Leonardo,Juventus,3,2017
Pandev Goran,Genoa,3,2017
Stoian Adrian,Crotone,3,2017
Joao Mario Naval,Inter,3,2017
Melchiorri Federico,Cagliari,3,2017
Niang M'Baye,Milan,3,2017
Pucciarelli Manuel,Empoli,3,2017
Chiesa Federico,Fiorentina,3,2017
Gabbiadini Manolo,Napoli,3,2017
Lulic Senad,Lazio,3,2017
Alex Sandro Lobo Silva,Juventus,3,2017
Masiello Andrea,Atalanta,3,2017
El Kaddouri Omar,Empoli,3,2017
Taider Saphir Sliti,Bologna,3,2017
Pavoletti Leonardo,Genoa,3,2017
Trotta Marcello,Crotone,3,2017
Kucka Juraj,Milan,3,2017
Cristante Bryan,Atalanta,3,2017
Vecino Matías,Fiorentina,3,2017
Meggiorini Riccardo,Chievo,3,2017
Ntcham Olivier Jules,Genoa,3,2017
D'Ambrosio Danilo,Inter,3,2017
Ferrari Gian Marco,Crotone,3,2017
Paredes Leandro,Roma,3,2017
Ocampos Lucas Ariel,Genoa,3,2017
Simy Tochukwu Simeon Nwankwo,Crotone,3,2017
Chochev Ivaylo,Palermo,3,2017
Bonaventura Giacomo,Milan,3,2017
Ionita Artur,Cagliari,3,2017
Locatelli Manuel,Milan,2,2017
Cuadrado Juan,Juventus,2,2017
Koulibaly Kalidou,Napoli,2,2017
Nalini Andrea,Crotone,2,2017
Acquah Afriyie,Torino,2,2017
Maxi Lopez Gastón,Torino,2,2017
Campagnaro Hugo Armando,Pescara,2,2017
Zarate Mauro,Fiorentina,2,2017
Hoedt Wesley,Lazio,2,2017
Murgia Alessandro,Lazio,2,2017
Dessena Daniele,Cagliari,2,2017
Barreto Edgar Osvaldo,Sampdoria,2,2017
Saponara Riccardo,Fiorentina,2,2017
Bruno Peres Da Silva,Roma,2,2017
Ninkovic Nikola,Genoa,2,2017
Viviani Federico,Bologna,2,2017
Goldaniga Edoardo,Palermo,2,2017
Costa Andrea,Empoli,2,2017
Badelj Milan,Fiorentina,2,2017
Palladino Raffaele,Crotone,2,2017
Totti Francesco,Roma,2,2017
Krunic Rade,Empoli,2,2017
Paletta Gabriel Alejandro,Milan,2,2017
Chiellini Giorgio,Juventus,2,2017
Cerri Alberto,Pescara,2,2017
De Guzman Jonathan,Chievo,2,2017
Manaj Rey,Pescara,2,2017
Radu Stefan Daniel,Lazio,2,2017
Di Gennaro Davide Andrea Luca,Cagliari,2,2017
Hiljemark Oscar,Genoa,2,2017
Astori Davide,Fiorentina,2,2017
Rugani Daniele,Juventus,2,2017
Gagliardini Roberto,Inter,2,2017
Chiriches Vlad,Napoli,2,2017
Fazio Federico,Roma,2,2017
Pasqual Manuel,Empoli,2,2017
Tonelli Lorenzo,Napoli,2,2017
Ricci Federico,Sassuolo,2,2017
De Vrij Stefan,Lazio,2,2017
Alvarez Ricardo Gabriel,Sampdoria,2,2017
Saponara Riccardo,Empoli,2,2017
Danilo Larangeira,Udinese,2,2017
Dani Alves Da Silva,Juventus,2,2017
Lazovic Darko,Genoa,2,2017
Rodriguez Gonzalo,Fiorentina,1,2017
Gobbi Massimo,Chievo,1,2017
Magnanelli Francesco,Sassuolo,1,2017
Memushaj Ledian,Pescara,1,2017
Bruno Alves Eduardo,Cagliari,1,2017
Croce Daniele,Empoli,1,2017
Luis Alberto Romero,Lazio,1,2017
Padoin Simone,Cagliari,1,2017
Adjapong Claud,Sassuolo,1,2017
Borja Valero Iglesias,Fiorentina,1,2017
Crecco Luca,Lazio,1,2017
Lemina Mario,Juventus,1,2017
Han Kwang-Song,Cagliari,1,2017
Allan Marques Loureiro,Napoli,1,2017
Rosi Aleandro,Crotone,1,2017
Ajeti Arlind,Torino,1,2017
Pulgar Erick,Bologna,1,2017
Diamanti Alessandro,Palermo,1,2017
Felipe Dias da Silva,Udinese,1,2017
Zapata Cristian,Milan,1,2017
Honda Keisuke,Milan,1,2017
Cesar Bostjan,Chievo,1,2017
Peluso Federico,Sassuolo,1,2017
Lichtsteiner Stephan,Juventus,1,2017
Brugman Duarte Gaston,Pescara,1,2017
Kean Moise,Juventus,1,2017
Masina Adam,Bologna,1,2017
Tonev Aleksandar,Crotone,1,2017
Rossettini Luca,Torino,1,2017
Iturbe Juan Manuel,Torino,1,2017
Andreolli Marco,Inter,1,2017
Isla Mauricio,Cagliari,1,2017
Praet Dennis,Sampdoria,1,2017
Trajkovski Aleksandar,Palermo,1,2017
Mati Fernandez Ariel,Milan,1,2017
Bastien Samuel,Chievo,1,2017
Mazzitelli Luca,Sassuolo,1,2017
Hernanes Anderson,Juventus,1,2017
Grassi Alberto,Atalanta,1,2017
Mitrita Alexandru,Pescara,1,2017
Muntari Sulley,Pescara,1,2017
Maksimovic Nikola,Napoli,1,2017
Ceccherini Federico,Crotone,1,2017
Basta Dusan,Lazio,1,2017
Gakpé Serge,Genoa,1,2017
Capuano Marco,Cagliari,1,2017
Bruno Henrique Corsini,Palermo,1,2017
Angella Gabriele,Udinese,1,2017
Bertolacci Andrea,Milan,1,2017
Antei Luca,Sassuolo,1,2017
Aquilani Alberto,Pescara,1,2017
C. Sanchez Carlos,Fiorentina,1,2017
Sensi Stefano,Sassuolo,1,2017
Marchisio Claudio,Juventus,1,2017
Pinilla Mauricio Riccardo,Atalanta,1,2017
Laxalt Diego,Genoa,1,2017
Sampirisi Mario,Crotone,1,2017
De Silvestri Lorenzo,Torino,1,2017
Boyé Lucas,Torino,1,2017
Kondogbia Geoffrey,Inter,1,2017
Balic Andrija,Udinese,1,2017
Sallai Roland,Palermo,1,2017
Gamberini Alessandro,Chievo,1,2017
Duncan Alfred Joseph,Sassuolo,1,2017
Pellegri Pietro,Genoa,1,2017
Torosidis Vasilis,Bologna,1,2017
Zappacosta Davide,Torino,1,2017
Cataldi Danilo,Lazio,1,2017
Gonzalez Giancarlo,Palermo,1,2017
Martinez Josef Alexander,Torino,1,2017
Lombardi Cristiano,Lazio,1,2017
Gabriel Barbosa Almeida,Inter,1,2017
Benatia Mehdi,Juventus,1,2017
Biraghi Cristiano,Pescara,1,2017
Zajc Miha,Empoli,1,2017
Krejci Ladislav,Bologna,1,2017
Pisacane Fabio,Cagliari,1,2017
Romagnoli Alessio,Milan,1,2017
Cacciatore Fabrizio,Chievo,1,2017
Cannavaro Paolo,Sassuolo,1,2017
D'Alessandro Marco,Atalanta,1,2017
Thiam Mame Baba,Empoli,1,2017
Rigoni Nicola,Chievo,1,2017
Helander Filip,Bologna,1,2017
Muric Robert,Pescara,1,2017
Giaccherini Emanuele,Napoli,1,2017
Rohden Marcus,Crotone,1,2017
Moretti Emiliano,Torino,1,2017
Wallace Fortuna,Lazio,1,2017
Aleesami Haitam,Palermo,1,2017
Bellusci Giuseppe,Empoli,1,2017
Linetty Karol,Sampdoria,1,2017
Jajalo Mato,Palermo,1,2017
Icardi Mauro Emanuel,Inter,29,2018
Immobile Ciro,Lazio,29,2018
Dybala Paulo,Juventus,22,2018
Quagliarella Fabio,Sampdoria,19,2018
Mertens Dries,Napoli,18,2018
Dzeko Edin,Roma,16,2018
Higuaín Gonzalo,Juventus,16,2018
Simeone Giovanni Pablo,Fiorentina,14,2018
Milinkovic-Savic Sergej,Lazio,12,2018
Iago Falque Silva,Torino,12,2018
Inglese Roberto,Chievo,12,2018
Lasagna Kevin,Udinese,12,2018
Ilicic Josip,Atalanta,11,2018
Luis Alberto Romero,Lazio,11,2018
Zapata Duvan,Sampdoria,11,2018
Pavoletti Leonardo,Cagliari,11,2018
Perisic Ivan,Inter,11,2018
Antenucci Mirco,SPAL,11,2018
Politano Matteo,Sassuolo,10,2018
Callejon José Maria,Napoli,10,2018
Belotti Andrea,Torino,10,2018
Verdi Simone,Bologna,10,2018
Cutrone Patrick,Milan,10,2018
Khedira Sami,Juventus,9,2018
Cristante Bryan,Atalanta,9,2018
Insigne Lorenzo,Napoli,8,2018
Bonaventura Giacomo,Milan,8,2018
Veretout Jordan,Fiorentina,8,2018
Diabaté Cheick,Benevento,8,2018
Under Cengiz,Roma,7,2018
Trotta Marcello,Crotone,7,2018
Paloschi Alberto,SPAL,7,2018
Simy Tochukwu Simeon Nwankwo,Crotone,7,2018
Hamsik Marek,Napoli,7,2018
Barak Antonin,Udinese,7,2018
El Shaarawy Stephan,Roma,7,2018
Budimir Ante,Crotone,6,2018
Suso Jesus Fernandez,Milan,6,2018
Chiesa Federico,Fiorentina,6,2018
Ljajic Adem,Torino,6,2018
Papu Gomez Alejandro,Atalanta,6,2018
Destro Mattia,Bologna,6,2018
Calhanoglu Hakan,Milan,6,2018
De Vrij Stefan,Lazio,6,2018
Barella Nicolò,Cagliari,6,2018
Lapadula Gianluca,Genoa,6,2018
Kalinic Nikola,Milan,6,2018
Mandzukic Mario,Juventus,5,2018
Benassi Marco,Fiorentina,5,2018
Caprari Gianluca,Sampdoria,5,2018
Joao Pedro Guerra Cunha,Cagliari,5,2018
Pandev Goran,Genoa,5,2018
Perotti Diego,Roma,5,2018
Freuler Remo,Atalanta,5,2018
Stepinski Mariusz,Chievo,5,2018
Kownacki Dawid,Sampdoria,5,2018
Koulibaly Kalidou,Napoli,5,2018
Obi Joel,Torino,5,2018
Thereau Cyril,Fiorentina,5,2018
Kessie Franck,Milan,5,2018
Pjanic Miralem,Juventus,5,2018
Milik Arkadiusz,Napoli,5,2018
De Silvestri Lorenzo,Torino,5,2018
Berardi Domenico,Sassuolo,4,2018
Kean Moise,Verona,4,2018
Douglas Costa De Souza,Juventus,4,2018
Masiello Andrea,Atalanta,4,2018
De Paul Rodrigo Javier,Udinese,4,2018
Allan Marques Loureiro,Napoli,4,2018
Pazzini Giampaolo,Verona,4,2018
Niang M'Baye,Torino,4,2018
Alex Sandro Lobo Silva,Juventus,4,2018
Felipe Anderson Pereira,Lazio,4,2018
Brozovic Marcelo,Inter,4,2018
Skriniar Milan,Inter,4,2018
Zielinski Piotr,Napoli,4,2018
Bastos Quissanga Bartolomeu Jacinto,Lazio,4,2018
Parolo Marco,Lazio,4,2018
Petagna Andrea,Atalanta,4,2018
Coda Massimo,Benevento,4,2018
Torreira Lucas,Sampdoria,4,2018
Baselli Daniele,Torino,4,2018
Cuadrado Juan,Juventus,4,2018
Babacar Khouma,Fiorentina,4,2018
Nainggolan Radja,Roma,4,2018
Jankto Jakub,Udinese,4,2018
Palacio Rodrigo,Bologna,4,2018
Bernardeschi Federico,Juventus,4,2018
Grassi Alberto,SPAL,3,2018
Caceres Martin,Verona,3,2018
Floccari Sergio,SPAL,3,2018
Barrow Musa,Atalanta,3,2018
Eder Citadin,Inter,3,2018
Pulgar Erick,Bologna,3,2018
Matri Alessandro,Sassuolo,3,2018
Castro Lucas Nahuel,Chievo,3,2018
Marusic Adam,Lazio,3,2018
Cornelius Andreas,Atalanta,3,2018
Brignola Enrico,Benevento,3,2018
Viviani Federico,SPAL,3,2018
Valoti Mattia,Verona,3,2018
Matuidi Blaise,Juventus,3,2018
De Roon Marten,Atalanta,3,2018
Vecino Matías,Inter,3,2018
Okwonkwo Orji,Bologna,3,2018
Ceppitelli Luca,Cagliari,3,2018
Cerci Alessio,Verona,3,2018
Caldara Mattia,Atalanta,3,2018
Hetemaj Perparim,Chievo,3,2018
Fofana Seko Mohamed,Udinese,3,2018
Caicedo Felipe,Lazio,3,2018
Tumminello Marco,Crotone,3,2018
Albiol Raul,Napoli,3,2018
Lulic Senad,Lazio,3,2018
Laxalt Diego,Genoa,3,2018
Widmer Silvan,Udinese,3,2018
Ramirez Gaston,Sampdoria,3,2018
Romulo Orestes,Verona,3,2018
Galabinov Andrej,Genoa,3,2018
Birsa Valter,Chievo,3,2018
Linetty Karol,Sampdoria,3,2018
Giaccherini Emanuele,Chievo,3,2018
Nani Luis Carlos,Lazio,3,2018
Pellegrini Lorenzo,Roma,3,2018
Ranocchia Andrea,Inter,2,2018
Ghoulam Faouzi,Napoli,2,2018
Thereau Cyril,Udinese,2,2018
Bonucci Leonardo,Milan,2,2018
Donsah Godfred,Bologna,2,2018
Viola Nicolas Benito,Benevento,2,2018
Cacciatore Fabrizio,Chievo,2,2018
Poli Andrea,Bologna,2,2018
Barberis Andrea,Crotone,2,2018
Taarabt Adel,Genoa,2,2018
Verde Daniele,Verona,2,2018
De Maio Sebastien,Bologna,2,2018
Babacar Khouma,Sassuolo,2,2018
Dias Gil,Fiorentina,2,2018
Lucas Leiva,Lazio,2,2018
Borja Valero Iglesias,Inter,2,2018
Zuculini Bruno,Verona,2,2018
Mario Rui Silva Duarte,Napoli,2,2018
Samir De Souza Santos,Udinese,2,2018
Ferrari Gian Marco,Sampdoria,2,2018
Kurtic Jasmin,Atalanta,2,2018
Rugani Daniele,Juventus,2,2018
Pucciarelli Manuel,Chievo,2,2018
Faragò Paolo Pancrazio,Cagliari,2,2018
Rigoni Luca,Genoa,2,2018
Gerson Da Silva,Roma,2,2018
Rafinha Rafael Alcantara,Inter,2,2018
Cigarini Luca,Cagliari,2,2018
Rohden Marcus,Crotone,2,2018
N'Koulou Nicolas,Torino,2,2018
Ciciretti Amato,Benevento,2,2018
Mandragora Rolando,Crotone,2,2018
Badelj Milan,Fiorentina,2,2018
Rizzo Luca,SPAL,2,2018
Bessa Daniel,Genoa,2,2018
Fazio Federico,Roma,2,2018
Faraoni Davide,Crotone,2,2018
D'Ambrosio Danilo,Inter,2,2018
Kolarov Aleksandar,Roma,2,2018
Benatia Mehdi,Juventus,2,2018
Stoian Adrian,Crotone,2,2018
Jorginho Filho,Napoli,2,2018
Sensi Stefano,Sassuolo,2,2018
Caracciolo Antonio,Verona,2,2018
Sau Marco,Cagliari,2,2018
Lazzari Manuel,SPAL,2,2018
Romagnoli Alessio,Milan,2,2018
Schick Patrik,Roma,2,2018
Medeiros Iuri,Genoa,2,2018
Iemmello Pietro,Benevento,2,2018
Pellegri Pietro,Genoa,2,2018
Borini Fabio,Milan,2,2018
André Silva Valente Miguel,Milan,2,2018
Falcinelli Diego,Sassuolo,2,2018
Guilherme Costa Marques,Benevento,2,2018
Manolas Kostantinos,Roma,2,2018
Maxi Lopez Gastón,Udinese,2,2018
Felipe Dias da Silva,SPAL,1,2018
Silvestre Matias Agustin,Sampdoria,1,2018
Ceccherini Federico,Crotone,1,2018
Sagna Bacary,Benevento,1,2018
Nuytinck Bram,Udinese,1,2018
Rog Marko,Napoli,1,2018
Letizia Gaetano,Benevento,1,2018
Lazaar Achraf,Benevento,1,2018
Biraghi Cristiano,Fiorentina,1,2018
Veloso Miguel Luis,Genoa,1,2018
Florenzi Alessandro,Roma,1,2018
Falletti Cesar Alejandro,Bologna,1,2018
Bertolacci Andrea,Genoa,1,2018
Berenguer Alejandro,Torino,1,2018
Barreto Edgar Osvaldo,Sampdoria,1,2018
Cancelo Joao,Inter,1,2018
Peluso Federico,Sassuolo,1,2018
Rossi Giuseppe,Genoa,1,2018
Lukaku Jordan,Lazio,1,2018
Sandro Raniere Guimaraes Cordeiro,Benevento,1,2018
Brignoli Alberto,Benevento,1,2018
Mancini Gianluca,Atalanta,1,2018
Strootman Kevin,Roma,1,2018
Perica Stipe,Udinese,1,2018
Behrami Valon,Udinese,1,2018
Praet Dennis,Sampdoria,1,2018
Mbaye Ibrahima,Bologna,1,2018
Dabo Bryan,Fiorentina,1,2018
Cionek Thiago,SPAL,1,2018
Acquah Afriyie,Torino,1,2018
Izzo Armando,Genoa,1,2018
Farias Diego,Cagliari,1,2018
Schiattarella Pasquale,SPAL,1,2018
De Sciglio Mattia,Juventus,1,2018
Danilo Larangeira,Udinese,1,2018
Ansaldi Cristian,Torino,1,2018
Vukovic Jagos,Verona,1,2018
Dzemaili Blerim,Bologna,1,2018
Armenteros Samuel,Benevento,1,2018
Defrel Gregoire André,Roma,1,2018
Benali Ahmad,Crotone,1,2018
Rodriguez Ricardo,Milan,1,2018
Bastien Samuel,Chievo,1,2018
Toloi Rafael,Atalanta,1,2018
Diawara Amadou,Napoli,1,2018
Karamoh Yann,Inter,1,2018
Missiroli Simone,Sassuolo,1,2018
Eysseric Valentin,Fiorentina,1,2018
Biglia Lucas,Milan,1,2018
Lemos Mauricio,Sassuolo,1,2018
Ricci Federico,Crotone,1,2018
Edera Simone,Torino,1,2018
Padoin Simone,Cagliari,1,2018
Abate Ignazio,Milan,1,2018
Gosens Robin,Atalanta,1,2018
Pellissier Sergio,Chievo,1,2018
Caceres Martin,Lazio,1,2018
Howedes Benedikt,Juventus,1,2018
Di Francesco Federico,Bologna,1,2018
Crociata Giovanni,Crotone,1,2018
S.W. Lee Seung-woo,Verona,1,2018
C. Sanchez Carlos,Fiorentina,1,2018
Goldaniga Edoardo,Sassuolo,1,2018
Simic Lorenco,SPAL,1,2018
De Rossi Daniele,Roma,1,2018
Montolivo Riccardo,Milan,1,2018
Alvarez Ricardo Gabriel,Sampdoria,1,2018
Martella Bruno,Crotone,1,2018
Palomino José Luis,Atalanta,1,2018
Tonelli Lorenzo,Napoli,1,2018
Kurtic Jasmin,SPAL,1,2018
Cassata Francesco,Sassuolo,1,2018
Pezzella German,Fiorentina,1,2018
Astori Davide,Fiorentina,1,2018
Stryger Larsen Jens,Udinese,1,2018
Nagy Adam,Bologna,1,2018
Rincon Tomas Eduardo,Torino,1,2018
Hugo Vitor,Fiorentina,1,2018
Radovanovic Ivan,Chievo,1,2018
D'Alessandro Marco,Benevento,1,2018
Ingelsson Svante,Udinese,1,2018
Ferrari Alex,Verona,1,2018
Puscas George,Benevento,1,2018
Bessa Daniel,Verona,1,2018
Cataldi Danilo,Benevento,1,2018
Borriello Marco,SPAL,1,2018
Calabria Davide,Milan,1,2018
Quagliarella Fabio,Sampdoria,26,2019
Zapata Duvan,Atalanta,23,2019
Cristiano Ronaldo Dos Santos Aveiro,Juventus,21,2019
Milik Arkadiusz,Napoli,17,2019
Petagna Andrea,SPAL,16,2019
Caputo Francesco,Empoli,16,2019
Mertens Dries,Napoli,16,2019
Pavoletti Leonardo,Cagliari,16,2019
Immobile Ciro,Lazio,15,2019
Belotti Andrea,Torino,15,2019
Piatek Krzysztof,Genoa,13,2019
Ilicic Josip,Atalanta,12,2019
Defrel Gregoire André,Sampdoria,11,2019
El Shaarawy Stephan,Roma,11,2019
Gervinho Gervais Lombe Yao Kouassi,Parma,11,2019
Icardi Mauro Emanuel,Inter,11,2019
Insigne Lorenzo,Napoli,10,2019
De Paul Rodrigo Javier,Udinese,9,2019
Mandzukic Mario,Juventus,9,2019
Piatek Krzysztof,Milan,9,2019
Dzeko Edin,Roma,9,2019
Inglese Roberto,Parma,9,2019
Caicedo Felipe,Lazio,8,2019
Kolarov Aleksandar,Roma,8,2019
Perisic Ivan,Inter,8,2019
Santander Federico,Bologna,8,2019
Orsolini Riccardo,Bologna,8,2019
Berardi Domenico,Sassuolo,8,2019
Ciano Camillo,Frosinone,7,2019
Benassi Marco,Fiorentina,7,2019
Babacar Khouma,Sassuolo,7,2019
Kessie Franck,Milan,7,2019
Papu Gomez Alejandro,Atalanta,7,2019
Joao Pedro Guerra Cunha,Cagliari,7,2019
Suso Jesus Fernandez,Milan,7,2019
Higuaín Gonzalo,Milan,6,2019
Caprari Gianluca,Sampdoria,6,2019
Nainggolan Radja,Inter,6,2019
Muriel Luis,Fiorentina,6,2019
Simeone Giovanni Pablo,Fiorentina,6,2019
Kurtic Jasmin,SPAL,6,2019
Kean Moise,Juventus,6,2019
Zielinski Piotr,Napoli,6,2019
Chiesa Federico,Fiorentina,6,2019
Pulgar Erick,Bologna,6,2019
Martinez Lautaro,Inter,6,2019
Iago Falque Silva,Torino,6,2019
Lasagna Kevin,Udinese,6,2019
Stepinski Mariusz,Chievo,6,2019
Veretout Jordan,Fiorentina,5,2019
Milinkovic-Savic Sergej,Lazio,5,2019
Di Lorenzo Giovanni,Empoli,5,2019
Perotti Diego,Roma,5,2019
Pasalic Mario,Atalanta,5,2019
Ciofani Daniel,Frosinone,5,2019
Politano Matteo,Inter,5,2019
Krunic Rade,Empoli,5,2019
Hateboer Hans,Atalanta,5,2019
Fazio Federico,Roma,5,2019
Antenucci Mirco,SPAL,5,2019
Gagliardini Roberto,Inter,5,2019
Keita Baldé Diao,Inter,5,2019
Pinamonti Andrea,Frosinone,5,2019
Dybala Paulo,Juventus,5,2019
Ruiz Fabian,Napoli,5,2019
Mancini Gianluca,Atalanta,5,2019
Correa Joaquín,Lazio,5,2019
Bruno Alves Eduardo,Parma,4,2019
Ferrari Gian Marco,Sassuolo,4,2019
Gabbiadini Manolo,Sampdoria,4,2019
Castagne Timothy,Atalanta,4,2019
Destro Mattia,Bologna,4,2019
Boateng Kevin-Prince,Sassuolo,4,2019
Parolo Marco,Lazio,4,2019
Pandev Goran,Genoa,4,2019
Kucka Juraj,Parma,4,2019
Duncan Alfred Joseph,Sassuolo,4,2019
Castillejo Samu,Milan,4,2019
Zaza Simone,Torino,4,2019
Poli Andrea,Bologna,4,2019
Ramirez Gaston,Sampdoria,4,2019
Cristante Bryan,Roma,4,2019
Lulic Senad,Lazio,4,2019
Pussetto Ignacio,Udinese,4,2019
Farias Diego,Empoli,4,2019
Pellissier Sergio,Chievo,4,2019
Baselli Daniele,Torino,4,2019
Zaniolo Nicolò,Roma,4,2019
Kouamé Christian,Genoa,4,2019
Izzo Armando,Torino,4,2019
Luis Alberto Romero,Lazio,4,2019
Can Emre,Juventus,4,2019
Fares Mohamed Salim,SPAL,3,2019
Rincon Tomas Eduardo,Torino,3,2019
Bonaventura Giacomo,Milan,3,2019
Pastore Javier,Roma,3,2019
Younes Amin,Napoli,3,2019
Cutrone Patrick,Milan,3,2019
Sanabria Antonio,Genoa,3,2019
Palacio Rodrigo,Bologna,3,2019
Gosens Robin,Atalanta,3,2019
Acerbi Francesco,Lazio,3,2019
Lazovic Darko,Genoa,3,2019
Florenzi Alessandro,Roma,3,2019
Barillà Antonino,Parma,3,2019
Linetty Karol,Sampdoria,3,2019
Farias Diego,Cagliari,3,2019
Bonucci Leonardo,Juventus,3,2019
Meggiorini Riccardo,Chievo,3,2019
Felipe Dias da Silva,SPAL,3,2019
Ounas Adam,Napoli,3,2019
Ansaldi Cristian,Torino,3,2019
Ionita Artur,Cagliari,3,2019
Giaccherini Emanuele,Chievo,3,2019
Mandragora Rolando,Udinese,3,2019
Gerson Da Silva,Fiorentina,3,2019
Floccari Sergio,SPAL,3,2019
Matuidi Blaise,Juventus,3,2019
Callejon José Maria,Napoli,3,2019
Vecino Matías,Inter,3,2019
Calhanoglu Hakan,Milan,3,2019
Schick Patrik,Roma,3,2019
Under Cengiz,Roma,3,2019
Rigoni Emiliano,Atalanta,3,2019
Verdi Simone,Napoli,3,2019
Boga Jeremie,Sassuolo,3,2019
Zajc Miha,Empoli,3,2019
Milenkovic Nikola,Fiorentina,3,2019
Pezzella German,Fiorentina,2,2019
De Silvestri Lorenzo,Torino,2,2019
Bernardeschi Federico,Juventus,2,2019
Meite Souahilo,Torino,2,2019
Cassata Francesco,Frosinone,2,2019
Freuler Remo,Atalanta,2,2019
Valoti Mattia,SPAL,2,2019
Mirallas Kevin,Fiorentina,2,2019
Soriano Roberto,Bologna,2,2019
Vicari Francesco,SPAL,2,2019
Romero Cristian,Genoa,2,2019
Pajac Marko,Empoli,2,2019
N'Koulou Nicolas,Torino,2,2019
Khedira Sami,Juventus,2,2019
Cataldi Danilo,Lazio,2,2019
Brozovic Marcelo,Inter,2,2019
Bentancur Rodrigo,Juventus,2,2019
Acquah Afriyie,Empoli,2,2019
Mbaye Ibrahima,Bologna,2,2019
Traorè Hamed Junior,Empoli,2,2019
Edmilson Fernandes Ribeiro,Fiorentina,2,2019
Koulibaly Kalidou,Napoli,2,2019
Valzania Luca,Frosinone,2,2019
Rugani Daniele,Juventus,2,2019
Sensi Stefano,Sassuolo,2,2019
Saponara Riccardo,Sampdoria,2,2019
De Vrij Stefan,Inter,2,2019
Lukic Sasa,Torino,2,2019
Fofana Seko Mohamed,Udinese,2,2019
Silvestre Matias Agustin,Empoli,2,2019
Hetemaj Perparim,Chievo,2,2019
Paganini Luca,Frosinone,2,2019
De Roon Marten,Atalanta,2,2019
Matri Alessandro,Sassuolo,2,2019
Paloschi Alberto,SPAL,2,2019
Rigoni Luca,Parma,2,2019
Romagnoli Alessio,Milan,2,2019
Praet Dennis,Sampdoria,2,2019
Lirola Pol,Sassuolo,2,2019
Sansone Nicola,Bologna,2,2019
Di Francesco Federico,Sassuolo,2,2019
Bonifazi Kevin,SPAL,2,2019
Samir De Souza Santos,Udinese,2,2019
Locatelli Manuel,Sassuolo,2,2019
Ceravolo Fabio Giovanni,Parma,2,2019
Borini Fabio,Milan,2,2019
Birsa Valter,Chievo,2,2019
Pellegrini Lorenzo,Roma,2,2019
Berenguer Alejandro,Torino,2,2019
Criscito Domenico,Genoa,2,2019
La Gumina Antonino,Empoli,2,2019
D'Ambrosio Danilo,Inter,2,2019
Djuricic Filip,Sassuolo,2,2019
Demiral Merih,Sassuolo,2,2019
Pjanic Miralem,Juventus,2,2019
Luiz Felipe Ramos Marchi,Lazio,1,2019
Danilo Larangeira,Bologna,1,2019
Bastoni Alessandro,Parma,1,2019
Joao Mario Naval,Inter,1,2019
Lyanco Evangelista,Bologna,1,2019
Sau Marco,Cagliari,1,2019
Ghoulam Faouzi,Napoli,1,2019
Mattiello Federico,Bologna,1,2019
Peluso Federico,Sassuolo,1,2019
Teodorczyk Lukasz,Udinese,1,2019
Bastos Quissanga Bartolomeu Jacinto,Lazio,1,2019
Manolas Kostantinos,Roma,1,2019
Dzemaili Blerim,Bologna,1,2019
Barella Nicolò,Cagliari,1,2019
Douglas Costa De Souza,Juventus,1,2019
Castro Lucas Nahuel,Cagliari,1,2019
Allan Marques Loureiro,Napoli,1,2019
Kownacki Dawid,Sampdoria,1,2019
Behrami Valon,Udinese,1,2019
Tomovic Nenad,Chievo,1,2019
Biraghi Cristiano,Fiorentina,1,2019
Brighi Matteo,Empoli,1,2019
Bourabia Mehdi,Sassuolo,1,2019
Calabria Davide,Milan,1,2019
Lapadula Gianluca,Genoa,1,2019
Calabresi Arturo,Bologna,1,2019
Gazzola Marcello,Parma,1,2019
N'Zonzi Steven,Roma,1,2019
Sammarco Paolo,Frosinone,1,2019
Sturaro Stefano,Genoa,1,2019
Bessa Daniel,Genoa,1,2019
Cancelo Joao,Juventus,1,2019
Musacchio Mateo,Milan,1,2019
Ceppitelli Luca,Cagliari,1,2019
Bakayoko Tiemoué,Milan,1,2019
Djimsiti Berat,Atalanta,1,2019
Kluivert Justin,Roma,1,2019
Cesar Bostjan,Chievo,1,2019
Palomino José Luis,Atalanta,1,2019
Dimarco Federico,Parma,1,2019
Aina Ola,Torino,1,2019
Stryger Larsen Jens,Udinese,1,2019
Goldaniga Edoardo,Frosinone,1,2019
Faragò Paolo Pancrazio,Cagliari,1,2019
Rogerio Oliveira da Silva,Sassuolo,1,2019
Mario Rui Silva Duarte,Napoli,1,2019
Ghiglione Paolo,Frosinone,1,2019
Mraz Samuel,Empoli,1,2019
Marlon Da Silva,Sassuolo,1,2019
Paquetà Lucas Tolentino Coelho,Milan,1,2019
Chibsah Raman Yussif,Frosinone,1,2019
Lerager Lukas,Genoa,1,2019
Adjapong Claud,Sassuolo,1,2019
Romulo Orestes,Genoa,1,2019
Badelj Milan,Lazio,1,2019
Dabo Bryan,Fiorentina,1,2019
Sprocati Mattia,Parma,1,2019
Vignato Emanuel,Chievo,1,2019
Candreva Antonio,Inter,1,2019
Barrow Musa,Atalanta,1,2019
Albiol Raul,Napoli,1,2019
Chiellini Giorgio,Juventus,1,2019
Marusic Adam,Lazio,1,2019
Dijks Mitchell,Bologna,1,2019
Nuytinck Bram,Udinese,1,2019
Toloi Rafael,Atalanta,1,2019
Siligardi Luca,Parma,1,2019
Pjaca Marko,Fiorentina,1,2019
Juan Jesus Guilherme,Roma,1,2019
Djordjevic Filip,Chievo,1,2019
Pisacane Fabio,Cagliari,1,2019
Tonelli Lorenzo,Sampdoria,1,2019
Cuadrado Juan,Juventus,1,2019
Pasqual Manuel,Empoli,1,2019
De Maio Sebastien,Udinese,1,2019
Uçan Salih,Empoli,1,2019
Hiljemark Oscar,Genoa,1,2019
Biglia Lucas,Milan,1,2019
Obi Joel,Chievo,1,2019
De Rossi Daniele,Roma,1,2019
Hallfredsson Emil,Udinese,1,2019
Brignola Enrico,Sassuolo,1,2019
Alex Sandro Lobo Silva,Juventus,1,2019
Dell'Orco Cristian,Empoli,1,2019
Rog Marko,Napoli,1,2019
Dionisi Federico,Frosinone,1,2019
Immobile Ciro,Lazio,36,2020
Cristiano Ronaldo Dos Santos Aveiro,Juventus,31,2020
Lukaku Romelu,Inter,23,2020
Caputo Francesco,Sassuolo,21,2020
Zapata Duvan,Atalanta,18,2020
Joao Pedro Guerra Cunha,Cagliari,18,2020
Muriel Luis,Atalanta,18,2020
Dzeko Edin,Roma,16,2020
Belotti Andrea,Torino,15,2020
Ilicic Josip,Atalanta,15,2020
Mancosu Marco,Lecce,14,2020
Berardi Domenico,Sassuolo,14,2020
Martinez Lautaro,Inter,14,2020
Simeone Giovanni Pablo,Cagliari,12,2020
Petagna Andrea,SPAL,12,2020
Cornelius Andreas,Parma,12,2020
Gabbiadini Manolo,Sampdoria,11,2020
Lapadula Gianluca,Lecce,11,2020
Milik Arkadiusz,Napoli,11,2020
Boga Jeremie,Sassuolo,11,2020
Rebic Ante,Milan,11,2020
Quagliarella Fabio,Sampdoria,11,2020
Dybala Paulo,Juventus,11,2020
Ibrahimovic Zlatan,Milan,10,2020
Lasagna Kevin,Udinese,10,2020
Chiesa Federico,Fiorentina,10,2020
Kulusevski Dejan,Parma,10,2020
Mertens Dries,Napoli,9,2020
Caicedo Felipe,Lazio,9,2020
Pasalic Mario,Atalanta,9,2020
Mkhitaryan Henrikh,Roma,9,2020
Correa Joaquín,Lazio,9,2020
Gosens Robin,Atalanta,9,2020
Pandev Goran,Genoa,9,2020
Barrow Musa,Bologna,9,2020
Calhanoglu Hakan,Milan,9,2020
Higuain Gonzalo,Juventus,8,2020
Criscito Domenico,Genoa,8,2020
Okaka Chuka Stefano,Udinese,8,2020
Malinovskyi Ruslan,Atalanta,8,2020
Insigne Lorenzo,Napoli,8,2020
Orsolini Riccardo,Bologna,8,2020
Di Carmine Samuel,Verona,8,2020
Donnarumma Alfredo,Brescia,7,2020
Kolarov Aleksandar,Roma,7,2020
De Paul Rodrigo Javier,Udinese,7,2020
Papu Gomez Alejandro,Atalanta,7,2020
Zaza Simone,Torino,7,2020
Pulgar Erick,Fiorentina,7,2020
Torregrossa Ernesto,Brescia,7,2020
Ramirez Gaston,Sampdoria,7,2020
Milinkovic-Savic Sergej,Lazio,7,2020
Palacio Rodrigo,Bologna,7,2020
Gervinho Gervais Lombe Yao Kouassi,Parma,7,2020
Pessina Matteo,Verona,7,2020
Vlahovic Dusan,Fiorentina,6,2020
Berenguer Alejandro,Torino,6,2020
Veretout Jordan,Roma,6,2020
Zaniolo Nicolò,Roma,6,2020
Inglese Roberto,Parma,6,2020
Nainggolan Radja,Cagliari,6,2020
Sanabria Antonio,Genoa,6,2020
Leao Rafael,Milan,6,2020
Kucka Juraj,Parma,6,2020
Hernandez Theo,Milan,6,2020
Bonazzoli Federico,Sampdoria,6,2020
Luis Alberto Romero,Lazio,6,2020
Kouamé Christian,Genoa,5,2020
Pinamonti Andrea,Genoa,5,2020
Milenkovic Nikola,Fiorentina,5,2020
Soriano Roberto,Bologna,5,2020
Perotti Diego,Roma,5,2020
Faraoni Davide,Verona,5,2020
Balotelli Mario,Brescia,5,2020
Candreva Antonio,Inter,5,2020
Djuricic Filip,Sassuolo,5,2020
Kalinic Nikola,Roma,5,2020
Linetty Karol,Sampdoria,4,2020
Cutrone Patrick,Fiorentina,4,2020
Manolas Kostantinos,Napoli,4,2020
Sanchez Alexis,Inter,4,2020
Traorè Hamed Junior,Sassuolo,4,2020
Piatek Krzysztof,Milan,4,2020
Ansaldi Cristian,Torino,4,2020
Kessie Franck,Milan,4,2020
De Ligt Matthijs,Juventus,4,2020
Lozano Hirving,Napoli,4,2020
Young Ashley,Inter,4,2020
Falco Filippo,Lecce,4,2020
Kluivert Justin,Roma,4,2020
De Vrij Stefan,Inter,4,2020
D'Ambrosio Danilo,Inter,4,2020
Bani Mattia,Bologna,4,2020
Gagliardini Roberto,Inter,4,2020
Callejon José Maria,Napoli,4,2020
Sansone Nicola,Bologna,4,2020
Pazzini Giampaolo,Verona,4,2020
Bonucci Leonardo,Juventus,3,2020
Di Lorenzo Giovanni,Napoli,3,2020
Gagliolo Riccardo,Parma,3,2020
Babacar Khouma,Lecce,3,2020
Defrel Gregoire André,Sassuolo,3,2020
Brozovic Marcelo,Inter,3,2020
Nestorovski Ilija,Udinese,3,2020
Pjanic Miralem,Juventus,3,2020
Lucioni Fabio,Lecce,3,2020
Chancellor Jhon,Brescia,3,2020
Llorente Fernando,Napoli,3,2020
Verre Valerio,Verona,3,2020
Borini Fabio,Verona,3,2020
Under Cengiz,Roma,3,2020
Pezzella German,Fiorentina,3,2020
Bonaventura Giacomo,Milan,3,2020
Calderoni Marco,Lecce,3,2020
Sensi Stefano,Inter,3,2020
Lazovic Darko,Verona,3,2020
Fofana Seko Mohamed,Udinese,3,2020
Bremer Gleison,Torino,3,2020
Stepinski Mariusz,Verona,3,2020
Ruiz Fabian,Napoli,3,2020
Caprari Gianluca,Sampdoria,3,2020
Ribery Franck,Fiorentina,3,2020
Valoti Mattia,SPAL,3,2020
Castrovilli Gaetano,Fiorentina,3,2020
Ramsey Aaron,Juventus,3,2020
Veloso Miguel Luis,Verona,3,2020
Smalling Chris,Roma,3,2020
Danilo Larangeira,Bologna,2,2020
Kurtic Jasmin,Parma,2,2020
Cassata Francesco,Genoa,2,2020
Verdi Simone,Torino,2,2020
Caprari Gianluca,Parma,2,2020
Castro Lucas Nahuel,Cagliari,2,2020
Politano Matteo,Napoli,2,2020
D'Alessandro Marco,SPAL,2,2020
Nandez Nahitan,Cagliari,2,2020
Iacoponi Simone,Parma,2,2020
Acerbi Francesco,Lazio,2,2020
Danilo Luiz da Silva,Juventus,2,2020
Sema Ken,Udinese,2,2020
La Mantia Andrea,Lecce,2,2020
Raspadori Giacomo,Sassuolo,2,2020
De Roon Marten,Atalanta,2,2020
Zaccagni Mattia,Verona,2,2020
Allan Marques Loureiro,Napoli,2,2020
Spalek Nikolas,Brescia,2,2020
Kurtic Jasmin,SPAL,2,2020
Djimsiti Berat,Atalanta,2,2020
Bruno Peres Da Silva,Roma,2,2020
Muldur Mert,Sassuolo,2,2020
Bastoni Alessandro,Inter,2,2020
Freuler Remo,Atalanta,2,2020
Zielinski Piotr,Napoli,2,2020
Di Francesco Federico,SPAL,2,2020
Biraghi Cristiano,Inter,2,2020
Barak Antonin,Lecce,2,2020
Poli Andrea,Bologna,2,2020
Iago Falque Silva,Genoa,2,2020
Marusic Adam,Lazio,2,2020
Farias Diego,Lecce,2,2020
Castillejo Samu,Milan,2,2020
Vecino Matías,Inter,2,2020
Toloi Rafael,Atalanta,2,2020
Zmrhal Jaromír,Brescia,2,2020
Cuadrado Juan,Juventus,2,2020
Ceppitelli Luca,Cagliari,2,2020
Saponara Riccardo,Lecce,2,2020
Palomino José Luis,Atalanta,2,2020
Schone Lasse,Genoa,2,2020
Jankto Jakub,Sampdoria,2,2020
Dessena Daniele,Brescia,2,2020
Borja Valero Iglesias,Inter,2,2020
Santander Federico,Bologna,1,2020
Maksimovic Nikola,Napoli,1,2020
Juwara Musa,Bologna,1,2020
Stryger Larsen Jens,Udinese,1,2020
Romero Cristian,Genoa,1,2020
Meccariello Biagio,Lecce,1,2020
Elmas Eljif,Napoli,1,2020
Radu Stefan Daniel,Lazio,1,2020
Salcedo Eddy,Verona,1,2020
Singo Wilfried Stephane,Torino,1,2020
Zapata Cristian,Genoa,1,2020
Toljan Jeremy,Sassuolo,1,2020
Faragò Paolo Pancrazio,Cagliari,1,2020
Tonali Sandro,Brescia,1,2020
Soumaoro Adama,Genoa,1,2020
Pereiro Gaston,Cagliari,1,2020
Rog Marko,Cagliari,1,2020
Cerri Alberto,SPAL,1,2020
Dawidowicz Pawel,Verona,1,2020
Donati Giulio,Lecce,1,2020
Pussetto Ignacio,Udinese,1,2020
Pisacane Fabio,Cagliari,1,2020
Parolo Marco,Lazio,1,2020
Karamoh Yann,Parma,1,2020
Badelj Milan,Fiorentina,1,2020
Mancini Gianluca,Roma,1,2020
Izzo Armando,Torino,1,2020
Rincon Tomas Eduardo,Torino,1,2020
Younes Amin,Napoli,1,2020
Espeto Strefezza Gabriel,SPAL,1,2020
Krejci Ladislav,Bologna,1,2020
Rodrigo Becao Nascimento Franca,Udinese,1,2020
Magnani Giangiacomo,Sassuolo,1,2020
Bastos Quissanga Bartolomeu Jacinto,Lazio,1,2020
Bisoli Dimitri,Brescia,1,2020
Demiral Merih,Juventus,1,2020
Douglas Costa De Souza,Juventus,1,2020
Calabria Davide,Milan,1,2020
Rogerio Oliveira da Silva,Sassuolo,1,2020
Missiroli Simone,SPAL,1,2020
Obiang Pedro,Sassuolo,1,2020
Ghezzal Rachid,Fiorentina,1,2020
Adekanye Bobby,Lazio,1,2020
Luiz Felipe Ramos Marchi,Lazio,1,2020
Barillà Antonino,Parma,1,2020
Chiellini Giorgio,Juventus,1,2020
Floccari Sergio,SPAL,1,2020
Cistana Andrea,Brescia,1,2020
Cataldi Danilo,Lazio,1,2020
Tomiyasu Takehiro,Bologna,1,2020
Rabiot Adrien,Juventus,1,2020
Demme Diego,Napoli,1,2020
Tabanelli Andrea,Lecce,1,2020
Gagliano Luca,Cagliari,1,2020
Benassi Marco,Fiorentina,1,2020
Haraslin Lukas,Sassuolo,1,2020
Bonifazi Kevin,Torino,1,2020
Ragatzu Daniele,Cagliari,1,2020
Sturaro Stefano,Genoa,1,2020
Barella Nicolò,Inter,1,2020
Shakhov Yevhen,Lecce,1,2020
Papetti Andrea,Brescia,1,2020
Godin Diego,Inter,1,2020
Romulo Orestes,Brescia,1,2020
Bernardeschi Federico,Juventus,1,2020
Leris Mehdi Pascal Marcel,Sampdoria,1,2020
Duncan Alfred Joseph,Fiorentina,1,2020
Chabot Julian,Sampdoria,1,2020
Traore Amad Diallo,Atalanta,1,2020
Agudelo Kevin Andres,Genoa,1,2020
Hysaj Elseid,Napoli,1,2020
Bourabia Mehdi,Sassuolo,1,2020
Sprocati Mattia,Parma,1,2020
Grassi Alberto,Parma,1,2020
Svanberg Mattias,Bologna,1,2020
Deiola Alessandro,Lecce,1,2020
Alex Sandro Lobo Silva,Juventus,1,2020
Darmian Matteo,Parma,1,2020
Majer Zan,Lecce,1,2020
Romagnoli Alessio,Milan,1,2020
Amrabat Sofyan,Verona,1,2020
Edera Simone,Torino,1,2020
Pellegrini Lorenzo,Roma,1,2020
Perez Carles,Roma,1,2020
Eriksen Christian,Inter,1,2020
Diawara Amadou,Roma,1,2020
Cerri Alberto,Cagliari,1,2020
Samir De Souza Santos,Udinese,1,2020
Spinazzola Leonardo,Roma,1,2020
Castagne Timothy,Atalanta,1,2020
Goldaniga Edoardo,Genoa,1,2020
Boateng Kevin-Prince,Fiorentina,1,2020
Dabo Bryan,SPAL,1,2020
Fazio Federico,Roma,1,2020
Saelemaekers Alexis,Milan,1,2020
Bennacer Ismael,Milan,1,2020
Kouamé Christian,Fiorentina,1,2020
Kumbulla Marash,Verona,1,2020
Skov Olsen Andreas,Bologna,1,2020
Esposito Sebastiano,Inter,1,2020
Lukic Sasa,Torino,1,2020
Askildsen Kristoffer,Sampdoria,1,2020
Bonifazi Kevin,SPAL,1,2020
Lerager Lukas,Genoa,1,2020
Dzemaili Blerim,Bologna,1,2020
Cristante Bryan,Roma,1,2020
Caceres Martin,Fiorentina,1,2020
Oliva Christian,Cagliari,1,2020
Semprini Alessandro,Brescia,1,2020
Duncan Alfred Joseph,Sassuolo,1,2020
Thorsby Morten,Sampdoria,1,2020
N'Koulou Nicolas,Torino,1,2020
Suso Jesus Fernandez,Milan,1,2020
Cristiano Ronaldo Dos Santos Aveiro,Juventus,29,2021
Lukaku Romelu,Inter,24,2021
Muriel Luis,Atalanta,22,2021
Vlahovic Dusan,Fiorentina,21,2021
Simy Tochukwu Simeon Nwankwo,Crotone,20,2021
Immobile Ciro,Lazio,20,2021
Insigne Lorenzo,Napoli,19,2021
Martinez Lautaro,Inter,17,2021
Berardi Domenico,Sassuolo,17,2021
Joao Pedro Guerra Cunha,Cagliari,16,2021
Zapata Duvan,Atalanta,15,2021
Ibrahimovic Zlatan,Milan,15,2021
Quagliarella Fabio,Sampdoria,13,2021
Mkhitaryan Henrikh,Roma,13,2021
Kessie Franck,Milan,13,2021
Belotti Andrea,Torino,13,2021
Caputo Francesco,Sassuolo,11,2021
Gosens Robin,Atalanta,11,2021
Rebic Ante,Milan,11,2021
Nzola M'Bala,Spezia,11,2021
Morata Alvaro,Juventus,11,2021
Destro Mattia,Genoa,11,2021
Lozano Hirving,Napoli,11,2021
Mayoral Borja,Roma,10,2021
Osimhen Victor,Napoli,10,2021
Veretout Jordan,Roma,10,2021
Soriano Roberto,Bologna,9,2021
Mertens Dries,Napoli,9,2021
Luis Alberto Romero,Lazio,9,2021
De Paul Rodrigo Javier,Udinese,9,2021
Politano Matteo,Napoli,9,2021
Zielinski Piotr,Napoli,9,2021
Messias Junior Walter,Crotone,9,2021
Lapadula Gianluca,Benevento,8,2021
Caicedo Felipe,Lazio,8,2021
Scamacca Gianluca,Genoa,8,2021
Correa Joaquín,Lazio,8,2021
Chiesa Federico,Juventus,8,2021
Shomurodov Eldor,Genoa,8,2021
Barrow Musa,Bologna,8,2021
Malinovskyi Ruslan,Atalanta,8,2021
Milinkovic-Savic Sergej,Lazio,8,2021
Dzeko Edin,Roma,7,2021
Pellegrini Lorenzo,Roma,7,2021
Hakimi Achraf,Inter,7,2021
Sanchez Alexis,Inter,7,2021
Orsolini Riccardo,Bologna,7,2021
Kucka Juraj,Parma,7,2021
Hernandez Theo,Milan,7,2021
Keita Baldé Diao,Sampdoria,7,2021
Pandev Goran,Genoa,7,2021
Hernani Azevedo Junior,Parma,7,2021
Barak Antonin,Verona,7,2021
Leao Rafael,Milan,6,2021
Verde Daniele,Spezia,6,2021
Raspadori Giacomo,Sassuolo,6,2021
Pasalic Mario,Atalanta,6,2021
Ilicic Josip,Atalanta,6,2021
Simeone Giovanni Pablo,Cagliari,6,2021
Jankto Jakub,Sampdoria,6,2021
Zaza Simone,Torino,6,2021
Pobega Tommaso,Spezia,6,2021
Candreva Antonio,Sampdoria,5,2021
McKennie Wenston,Juventus,5,2021
Viola Nicolas Benito,Benevento,5,2021
Djuricic Filip,Sassuolo,5,2021
Gervinho Gervais Lombe Yao Kouassi,Parma,5,2021
Pereyra Roberto,Udinese,5,2021
Traorè Hamed Junior,Sassuolo,5,2021
Pedro Rodriguez Ledesma,Roma,5,2021
Dimarco Federico,Verona,5,2021
Bremer Gleison,Torino,5,2021
Caprari Gianluca,Benevento,5,2021
Palacio Rodrigo,Bologna,5,2021
Piccoli Roberto,Spezia,5,2021
Svanberg Mattias,Bologna,5,2021
Sanabria Antonio,Torino,5,2021
Castrovilli Gaetano,Fiorentina,5,2021
Zaccagni Mattia,Verona,5,2021
Rabiot Adrien,Juventus,4,2021
Petagna Andrea,Napoli,4,2021
Mancini Gianluca,Roma,4,2021
Zappacosta Davide,Genoa,4,2021
Pavoletti Leonardo,Cagliari,4,2021
Kurtic Jasmin,Parma,4,2021
Perisic Ivan,Inter,4,2021
Farias Diego,Spezia,4,2021
Boga Jeremie,Sassuolo,4,2021
Gyasi Emmanuel,Spezia,4,2021
Lykogiannis Charalampos,Cagliari,4,2021
Ounas Adam,Crotone,4,2021
Faraoni Davide,Verona,4,2021
Miranchuk Aleksey,Atalanta,4,2021
Okaka Chuka Stefano,Udinese,4,2021
Dybala Paulo,Juventus,4,2021
Sau Marco,Benevento,4,2021
Kulusevski Dejan,Juventus,4,2021
Calhanoglu Hakan,Milan,4,2021
Papu Gomez Alejandro,Atalanta,4,2021
Diaz Brahim,Milan,4,2021
Locatelli Manuel,Sassuolo,4,2021
Letizia Gaetano,Benevento,3,2021
Mandragora Rolando,Torino,3,2021
Pjaca Marko,Genoa,3,2021
Bonaventura Giacomo,Fiorentina,3,2021
Marin Razvan Gabriel,Cagliari,3,2021
D'Ambrosio Danilo,Inter,3,2021
Verre Valerio,Sampdoria,3,2021
Barella Nicolò,Inter,3,2021
Thorsby Morten,Sampdoria,3,2021
Ruiz Fabian,Napoli,3,2021
Defrel Gregoire André,Sassuolo,3,2021
Milenkovic Nikola,Fiorentina,3,2021
Lukic Sasa,Torino,3,2021
Gagliardini Roberto,Inter,3,2021
Arslan Tolgay,Udinese,3,2021
Galabinov Andrej,Spezia,3,2021
Maggiore Giulio,Spezia,3,2021
Lazovic Darko,Verona,3,2021
Mihaila Valentin Mihai,Parma,3,2021
Pussetto Ignacio,Udinese,3,2021
Darmian Matteo,Inter,3,2021
Skriniar Milan,Inter,3,2021
Eriksen Christian,Inter,3,2021
Di Lorenzo Giovanni,Napoli,3,2021
Gabbiadini Manolo,Sampdoria,3,2021
Vojvoda Mergim,Torino,2,2021
Damsgaard Mikkel Krogh,Sampdoria,2,2021
Ramsey Aaron,Juventus,2,2021
Veloso Miguel Luis,Verona,2,2021
Karamoh Yann,Parma,2,2021
Freuler Remo,Atalanta,2,2021
Gaich Adolfo Julián,Benevento,2,2021
Caldirola Luca,Benevento,2,2021
Lasagna Kevin,Verona,2,2021
Skov Olsen Andreas,Bologna,2,2021
Ekdal Albin,Sampdoria,2,2021
Golemic Victor,Crotone,2,2021
Pessina Matteo,Atalanta,2,2021
Bakayoko Tiemoué,Napoli,2,2021
Ribery Franck,Fiorentina,2,2021
Demme Diego,Napoli,2,2021
Bonazzoli Federico,Torino,2,2021
Lammers Sam,Atalanta,2,2021
Saponara Riccardo,Spezia,2,2021
Colley Omar,Sampdoria,2,2021
Izzo Armando,Torino,2,2021
Caceres Martin,Fiorentina,2,2021
Saelemaekers Alexis,Milan,2,2021
Gagliolo Riccardo,Parma,2,2021
Nandez Nahitan,Cagliari,2,2021
Calabria Davide,Milan,2,2021
Lucero Molina Nahuel,Udinese,2,2021
Chiriches Vlad,Sassuolo,2,2021
Salcedo Eddy,Verona,2,2021
Man Dennis,Parma,2,2021
Sottil Riccardo,Cagliari,2,2021
Alex Sandro Lobo Silva,Juventus,2,2021
Reca Arkadiusz,Crotone,2,2021
Perez Carles,Roma,2,2021
Stryger Larsen Jens,Udinese,2,2021
Hauge Jens Petter,Milan,2,2021
Eysseric Valentin,Fiorentina,2,2021
Sansone Nicola,Bologna,2,2021
Insigne Roberto,Benevento,2,2021
Elmas Eljif,Napoli,2,2021
Brozovic Marcelo,Inter,2,2021
Spinazzola Leonardo,Roma,2,2021
Cuadrado Juan,Juventus,2,2021
Ionita Artur,Benevento,2,2021
Pereiro Gaston,Cagliari,2,2021
Romero Cristian,Atalanta,2,2021
De Silvestri Lorenzo,Bologna,2,2021
Favilli Andrea,Verona,2,2021
Toloi Rafael,Atalanta,2,2021
Nestorovski Ilija,Udinese,2,2021
Lasagna Kevin,Udinese,2,2021
Tomiyasu Takehiro,Bologna,2,2021
Erlic Martin,Spezia,2,2021
Marusic Adam,Lazio,2,2021
Ilic Ivan,Verona,2,2021
Glik Kamil,Benevento,2,2021
Lopez Maxime,Sassuolo,2,2021
Bonucci Leonardo,Juventus,2,2021
Hateboer Hans,Atalanta,2,2021
Lazzari Manuel,Lazio,2,2021
Kalinic Nikola,Verona,2,2021
Forestieri Fernando,Udinese,1,2021
Rrahmani Amir,Napoli,1,2021
Kyriakopoulos Giorgos,Sassuolo,1,2021
Bruno Peres Da Silva,Roma,1,2021
N'Koulou Nicolas,Torino,1,2021
Diogo Dalot José,Milan,1,2021
Dominguez Nicolas Martin,Bologna,1,2021
De Ligt Matthijs,Juventus,1,2021
Pereira Andreas,Lazio,1,2021
Badelj Milan,Genoa,1,2021
Young Ashley,Inter,1,2021
Arthur Henrique Ramos de Oliveira Melo,Juventus,1,2021
Vignato Emanuel,Bologna,1,2021
Biraghi Cristiano,Fiorentina,1,2021
Pinamonti Andrea,Inter,1,2021
Bourabia Mehdi,Sassuolo,1,2021
Verdi Simone,Torino,1,2021
Deulofeu Gerard,Udinese,1,2021
Gojak Amer,Torino,1,2021
Cerri Alberto,Cagliari,1,2021
Nuytinck Bram,Udinese,1,2021
Chiesa Federico,Fiorentina,1,2021
Iago Falque Silva,Benevento,1,2021
Da Silva Henrique Eduardo,Crotone,1,2021
Diawara Amadou,Roma,1,2021
Zanellato Niccolò,Crotone,1,2021
Singo Wilfried Stephane,Torino,1,2021
Adrien Silva Sebastien,Sampdoria,1,2021
Rugani Daniele,Cagliari,1,2021
Colley Ebrima,Verona,1,2021
Terzi Claudio,Spezia,1,2021
Soumaoro Adama,Bologna,1,2021
Yoshida Maya,Sampdoria,1,2021
Brunetta Juan Francisco,Parma,1,2021
Castillejo Samu,Milan,1,2021
Pezzella Giuseppe,Parma,1,2021
Palomino José Luis,Atalanta,1,2021
Llorente Fernando,Udinese,1,2021
Mbaye Ibrahima,Bologna,1,2021
Fazio Federico,Roma,1,2021
Muriqi Vedat,Lazio,1,2021
Bereszynski Bartosz,Sampdoria,1,2021
Sturaro Stefano,Genoa,1,2021
Tuia Alessandro,Benevento,1,2021
Riviere Emmanuel,Crotone,1,2021
Rodrigo Becao Nascimento Franca,Udinese,1,2021
Rincon Tomas Eduardo,Torino,1,2021
Godin Diego,Cagliari,1,2021
Molina Salvatore Andrea,Crotone,1,2021
Brugman Duarte Gaston,Parma,1,2021
Magallan Lisandro,Crotone,1,2021
Kouamé Christian,Fiorentina,1,2021
Zajc Miha,Genoa,1,2021
El Shaarawy Stephan,Roma,1,2021
Schouten Jerdy,Bologna,1,2021
De Vrij Stefan,Inter,1,2021
Schiattarella Pasquale,Benevento,1,2021
Pellè Graziano,Parma,1,2021
Augello Tommaso,Sampdoria,1,2021
Kalulu Kyatengwa Pierre,Milan,1,2021
Vidal Arturo,Inter,1,2021
Torregrossa Ernesto,Sampdoria,1,2021
Kumbulla Marash,Roma,1,2021
Ismajli Ardian,Spezia,1,2021
Linetty Karol,Torino,1,2021
Agudelo Kevin Andres,Spezia,1,2021
Tello Andres,Benevento,1,2021
Tameze Adrien,Verona,1,2021
Tomori Fikayo,Milan,1,2021
Poli Andrea,Bologna,1,2021
Djidji Koffi,Crotone,1,2021
De Roon Marten,Atalanta,1,2021
Pezzella German,Fiorentina,1,2021
Criscito Domenico,Genoa,1,2021
Danilo Luiz da Silva,Juventus,1,2021
Pulgar Erick,Fiorentina,1,2021
Nainggolan Radja,Cagliari,1,2021
Cornelius Andreas,Parma,1,2021
Improta Riccardo,Benevento,1,2021
Vulic Milos,Crotone,1,2021
Romagnoli Alessio,Milan,1,2021
Bastoni Simone,Spezia,1,2021
Vecino Matías,Inter,1,2021
Tonelli Lorenzo,Sampdoria,1,2021
Sohm Simon,Parma,1,2021
Ansaldi Cristian,Torino,1,2021
Braaf Jayden,Udinese,1,2021
Cristante Bryan,Roma,1,2021
Zeegelaar Marvin,Udinese,1,2021
Paz Nehuen,Bologna,1,2021
Bruno Alves Eduardo,Parma,1,2021
Chabot Julian,Spezia,1,2021
Krunic Rade,Milan,1,2021
Czyborra Lennart,Genoa,1,2021
Karsdorp Rick,Roma,1,2021
Meite Souahilo,Torino,1,2021
Samir De Souza Santos,Udinese,1,2021
Martinez Quarta Lucas,Fiorentina,1,2021
Immobile Ciro,Lazio,27,2022
Martinez Lautaro,Inter,21,2022
Simeone Giovanni Pablo,Verona,17,2022
Abraham Tammy,Roma,17,2022
Scamacca Gianluca,Sassuolo,16,2022
Berardi Domenico,Sassuolo,15,2022
Osimhen Victor,Napoli,14,2022
Arnautovic Marko,Bologna,14,2022
Joao Pedro Guerra Cunha,Cagliari,13,2022
Pasalic Mario,Atalanta,13,2022
Dzeko Edin,Inter,13,2022
Pinamonti Andrea,Empoli,13,2022
Deulofeu Gerard,Udinese,13,2022
Caprari Gianluca,Verona,12,2022
Caputo Francesco,Sampdoria,11,2022
Giroud Olivier,Milan,11,2022
Beto Norberto Bercique Gomes,Udinese,11,2022
Insigne Lorenzo,Napoli,11,2022
Barak Antonin,Verona,11,2022
Leao Rafael,Milan,11,2022
Milinkovic-Savic Sergej,Lazio,11,2022
Mertens Dries,Napoli,11,2022
Dybala Paulo,Juventus,10,2022
Raspadori Giacomo,Sassuolo,10,2022
Bonazzoli Federico,Salernitana,10,2022
Zapata Duvan,Atalanta,10,2022
Pedro Rodriguez Ledesma,Lazio,9,2022
Destro Mattia,Genoa,9,2022
Pellegrini Lorenzo,Roma,9,2022
Muriel Luis,Atalanta,9,2022
Henry Thomas,Venezia,9,2022
Morata Alvaro,Juventus,9,2022
Verde Daniele,Spezia,8,2022
Belotti Andrea,Torino,8,2022
Ibrahimovic Zlatan,Milan,8,2022
Perisic Ivan,Inter,8,2022
Lucero Molina Nahuel,Udinese,8,2022
Ruiz Fabian,Napoli,7,2022
Calhanoglu Hakan,Inter,7,2022
Traorè Hamed Junior,Sassuolo,7,2022
Candreva Antonio,Sampdoria,7,2022
Okereke David Chidozie,Venezia,7,2022
Aramu Mattia,Venezia,7,2022
Brekalo Josip,Torino,7,2022
Gonzalez Nicolas,Fiorentina,7,2022
Kessie Franck,Milan,6,2022
Criscito Domenico,Genoa,6,2022
Gabbiadini Manolo,Sampdoria,6,2022
Correa Joaquín,Inter,6,2022
Bajrami Nedim,Empoli,6,2022
Vlahovic Dusan,Juventus,23,2022
Orsolini Riccardo,Bologna,6,2022
Zielinski Piotr,Napoli,6,2022
Felipe Anderson Pereira,Lazio,6,2022
Gyasi Emmanuel,Spezia,6,2022
Barrow Musa,Bologna,6,2022
Malinovskyi Ruslan,Atalanta,6,2022
Zurkowski Szymon,Empoli,6,2022
Sanabria Antonio,Torino,6,2022
Udogie Destiny,Udinese,5,2022
Luis Alberto Romero,Lazio,5,2022
Hernandez Theo,Milan,5,2022
Verdi Simone,Salernitana,5,2022
Bonucci Leonardo,Juventus,5,2022
Hickey Aaron,Bologna,5,2022
Djuric Milan,Salernitana,5,2022
Tonali Sandro,Milan,5,2022
Di Francesco Federico,Empoli,5,2022
Dumfries Denzel,Inter,5,2022
Torreira Lucas,Fiorentina,5,2022
Mkhitaryan Henrikh,Roma,5,2022
Kean Moise,Juventus,5,2022
Sanchez Alexis,Inter,5,2022
Pavoletti Leonardo,Cagliari,5,2022
Lozano Hirving,Napoli,5,2022
Lukic Sasa,Torino,5,2022
Manaj Rey,Spezia,5,2022
Messias Junior Walter,Milan,5,2022
Deiola Alessandro,Cagliari,4,2022
Zaccagni Mattia,Lazio,4,2022
Quagliarella Fabio,Sampdoria,4,2022
Koopmeiners Theun,Atalanta,4,2022
Pobega Tommaso,Torino,4,2022
Pereiro Gaston,Cagliari,4,2022
Bonaventura Giacomo,Fiorentina,4,2022
Rrahmani Amir,Napoli,4,2022
Faraoni Davide,Verona,4,2022
Cuadrado Juan,Juventus,4,2022
Tameze Adrien,Verona,4,2022
Acerbi Francesco,Lazio,4,2022
Veretout Jordan,Roma,4,2022
Biraghi Cristiano,Fiorentina,4,2022
Pussetto Ignacio,Udinese,4,2022
Frattesi Davide,Sassuolo,4,2022
Kalinic Nikola,Verona,4,2022
Koulibaly Kalidou,Napoli,3,2022
Crnigoj Domen,Venezia,3,2022
Smalling Chris,Roma,3,2022
Bremer Gleison,Torino,3,2022
Politano Matteo,Napoli,3,2022
Elmas Eljif,Napoli,3,2022
Sottil Riccardo,Fiorentina,3,2022
Singo Wilfried Stephane,Torino,3,2022
Thorsby Morten,Sampdoria,3,2022
Lazzari Manuel,Lazio,3,2022
McKennie Wenston,Juventus,3,2022
Bastoni Simone,Spezia,3,2022
Skriniar Milan,Inter,3,2022
Pjaca Marko,Torino,3,2022
Pereyra Roberto,Udinese,3,2022
De Roon Marten,Atalanta,3,2022
Cutrone Patrick,Empoli,3,2022
Agudelo Kevin Andres,Spezia,3,2022
El Shaarawy Stephan,Roma,3,2022
Svanberg Mattias,Bologna,3,2022
Piatek Krzysztof,Fiorentina,3,2022
Petagna Andrea,Napoli,3,2022
Sabiri Abdelhamid,Sampdoria,3,2022
Keita Baldé Diao,Cagliari,3,2022
Barella Nicolò,Inter,3,2022
De Silvestri Lorenzo,Bologna,3,2022
Ibanez Da Silva Roger,Roma,3,2022
Saponara Riccardo,Fiorentina,3,2022
Shomurodov Eldor,Roma,3,2022
Diaz Brahim,Milan,3,2022
Ilicic Josip,Atalanta,3,2022
De Ligt Matthijs,Juventus,3,2022
Locatelli Manuel,Juventus,3,2022
Erlic Martin,Spezia,2,2022
Yoshida Maya,Sampdoria,2,2022
Cristante Bryan,Roma,2,2022
Henderson Liam,Empoli,2,2022
Praet Dennis,Torino,2,2022
Forestieri Fernando,Udinese,2,2022
Bennacer Ismael,Milan,2,2022
Samardzic Lazar,Udinese,2,2022
Lasagna Kevin,Verona,2,2022
Zaniolo Nicolò,Roma,2,2022
Gagliardini Roberto,Inter,2,2022
Defrel Gregoire André,Sassuolo,2,2022
Dimarco Federico,Inter,2,2022
Lopez Maxime,Sassuolo,2,2022
Success Isaac,Udinese,2,2022
Miranchuk Aleksey,Atalanta,2,2022
Marì Pablo,Udinese,2,2022
Duncan Alfred Joseph,Fiorentina,2,2022
Sansone Nicola,Bologna,2,2022
Calabria Davide,Milan,2,2022
Stulac Leo,Empoli,2,2022
Zaccagni Mattia,Verona,2,2022
Bandinelli Filippo,Empoli,2,2022
Rodrigo Becao Nascimento Franca,Udinese,2,2022
Nzola M'Bala,Spezia,2,2022
Chiesa Federico,Juventus,2,2022
Romagnoli Simone,Empoli,2,2022
Cabral Arthur,Fiorentina,2,2022
Ceccaroni Pietro,Venezia,2,2022
Afena-Gyan Felix Ohene,Roma,2,2022
Maleh Youssef,Fiorentina,2,2022
Fares Mohamed Salim,Genoa,2,2022
Djuricic Filip,Sassuolo,2,2022
Maggiore Giulio,Spezia,2,2022
De Sciglio Mattia,Juventus,2,2022
Rebic Ante,Milan,2,2022
Sergio Oliveira Miguel,Roma,2,2022
Theate Arthur,Bologna,2,2022
Coulibaly Mamadou,Salernitana,2,2022
Brozovic Marcelo,Inter,2,2022
La Mantia Andrea,Empoli,2,2022
Darmian Matteo,Inter,2,2022
Ederson José dos Santos Lourenço da Silva,Salernitana,2,2022
Florenzi Alessandro,Milan,2,2022
Portanova Manolo,Genoa,1,2022
Sala Jacopo,Spezia,1,2022
Haps Ridgeciano,Venezia,1,2022
Ferrari Alex,Sampdoria,1,2022
Makengo Jean-Victor,Udinese,1,2022
Martinez Quarta Lucas,Fiorentina,1,2022
Kalulu Kyatengwa Pierre,Milan,1,2022
Augello Tommaso,Sampdoria,1,2022
Caceres Martin,Cagliari,1,2022
Zappacosta Davide,Atalanta,1,2022
Hongla Martin,Verona,1,2022
Bastoni Alessandro,Inter,1,2022
Bove Edoardo,Roma,1,2022
Badelj Milan,Genoa,1,2022
Antiste Janis,Spezia,1,2022
Ricci Samuele,Empoli,1,2022
Ekdal Albin,Sampdoria,1,2022
Bessa Daniel,Verona,1,2022
Kulusevski Dejan,Juventus,1,2022
Perez Carles,Roma,1,2022
Cataldi Danilo,Lazio,1,2022
Milenkovic Nikola,Fiorentina,1,2022
Romagnoli Alessio,Milan,1,2022
Di Lorenzo Giovanni,Napoli,1,2022
Ceccherini Federico,Verona,1,2022
Palomino José Luis,Atalanta,1,2022
Vecino Matías,Inter,1,2022
Bourabia Mehdi,Spezia,1,2022
Ekuban Carl Ansah,Genoa,1,2022
Fazio Federico,Salernitana,1,2022
Murru Nicola,Sampdoria,1,2022
Caicedo Felipe,Genoa,1,2022
Melegoni Filippo,Genoa,1,2022
Asllani Kristjan,Empoli,1,2022
Nestorovski Ilija,Udinese,1,2022
Ayhan Kaan,Sassuolo,1,2022
Kovalenko Viktor,Spezia,1,2022
Lazovic Darko,Verona,1,2022
Cabral Jovane,Lazio,1,2022
Nuytinck Bram,Udinese,1,2022
Amian Kelvin,Spezia,1,2022
Maldini Daniel,Milan,1,2022
Depaoli Fabio,Verona,1,2022
Strelec David,Spezia,1,2022
Pellegri Pietro,Torino,1,2022
Demiral Merih,Atalanta,1,2022
Vidal Arturo,Inter,1,2022
Bernardeschi Federico,Juventus,1,2022
Piccoli Roberto,Atalanta,1,2022
Castrovilli Gaetano,Fiorentina,1,2022
Kastanos Grigoris,Salernitana,1,2022
Santander Federico,Bologna,1,2022
D'Ambrosio Danilo,Inter,1,2022
Gudmundsson Albert,Genoa,1,2022
Caldara Mattia,Venezia,1,2022
Toloi Rafael,Atalanta,1,2022
Hristov Petko,Spezia,1,2022
Sensi Stefano,Sampdoria,1,2022
Scalvini Giorgio,Atalanta,1,2022
Ferrari Gian Marco,Sassuolo,1,2022
Cambiaso Andrea,Genoa,1,2022
Vasquez Johan,Genoa,1,2022
Altare Giorgio,Cagliari,1,2022
Lobotka Stanislav,Napoli,1,2022
Danilo Luiz da Silva,Juventus,1,2022
Lykogiannis Charalampos,Cagliari,1,2022
Juan Jesus Guilherme,Napoli,1,2022
Cissé Moustapha,Atalanta,1,2022
Ikone Jonathan,Fiorentina,1,2022
Johnsen Dennis,Venezia,1,2022
Pessina Matteo,Atalanta,1,2022
Kiyine Sofian,Venezia,1,2022
Hysaj Elseid,Lazio,1,2022
Demme Diego,Napoli,1,2022
Djimsiti Berat,Atalanta,1,2022
Busio Gianluca Cristiano,Venezia,1,2022
Zortea Nadir,Salernitana,1,2022
Cancellieri Matteo,Verona,1,2022
Arslan Tolgay,Udinese,1,2022
Conti Andrea,Sampdoria,1,2022
Bianchi Flavio,Genoa,1,2022
Patric Gabarron Gil,Lazio,1,2022
Verdi Simone,Torino,1,2022
Gosens Robin,Atalanta,1,2022
Zakaria Denis,Juventus,1,2022
Maehle Joakim,Atalanta,1,2022
Mancuso Leonardo,Empoli,1,2022
Radovanovic Ivan,Salernitana,1,2022
Ranieri Luca,Salernitana,1,2022
Callejon José Maria,Fiorentina,1,2022
Odriozola Alvaro,Fiorentina,1,2022
Schouten Jerdy,Bologna,1,2022
Stojanovic Petar,Empoli,1,2022
Souza Silva Walace,Udinese,1,2022
Freuler Remo,Atalanta,1,2022
Ilic Ivan,Verona,1,2022
Forte Francesco,Venezia,1,2022
Ceppitelli Luca,Cagliari,1,2022
Marusic Adam,Lazio,1,2022
Volpato Cristian,Roma,1,2022
Saelemaekers Alexis,Milan,1,2022
Simy Tochukwu Simeon Nwankwo,Salernitana,1,2022
Amrabat Sofyan,Fiorentina,1,2022
Bellanova Raoul,Cagliari,1,2022
Gondo Cedric,Salernitana,1,2022
Schiavone Andrea,Salernitana,1,2022
Osimhen Victor,Napoli,26,2023
Martinez Lautaro,Inter,21,2023
Dia Boulaye,Salernitana,16,2023
Leao Rafael,Milan,14,2023
Lookman Ademola,Atalanta,14,2023
Giroud Olivier,Milan,13,2023
Nzola M'Bala,Spezia,13,2023
Immobile Ciro,Lazio,12,2023
Berardi Domenico,Sassuolo,12,2023
Kvaratskhelia Khvicha,Napoli,12,2023
Dybala Paulo,Roma,12,2023
Sanabria Antonio,Torino,12,2023
Orsolini Riccardo,Bologna,11,2023
Koopmeiners Teun,Atalanta,10,2023
Arnautovic Marko,Bologna,10,2023
Beto Norberto Bercique Gomes,Udinese,10,2023
Zaccagni Mattia,Lazio,10,2023
Vlahovic Dusan,Juventus,10,2023
Lukaku Romelu,Inter,10,2023
Felipe Anderson Pereira Gomes,Lazio,9,2023
Dzeko Edin,Inter,9,2023
Milinkovic-Savic Sergej,Lazio,9,2023
Hojlund Rasmus,Atalanta,9,2023
Rabiot Adrien,Juventus,8,2023
Strefezza Gabriel,Lecce,8,2023
Abraham Tammy,Roma,8,2023
Ciofani Daniel,Cremonese,8,2023
Cabral Arthur,Fiorentina,8,2023
El Shaarawy Stephan,Roma,7,2023
Okereke David Chidozie,Cremonese,7,2023
Frattesi Davide,Sassuolo,7,2023
Gabbiadini Manolo,Sampdoria,7,2023
Laurientè Armand,Sassuolo,7,2023
Ferguson Lewis,Bologna,7,2023
Milik Arkadiusz,Juventus,7,2023
Candreva Antonio,Salernitana,7,2023
Jovic Luka,Fiorentina,6,2023
Gonzalez Nicolas,Fiorentina,6,2023
Elmas Eljif,Napoli,6,2023
Caprari Gianluca,Monza,6,2023
Diaz Brahim,Milan,6,2023
Dessers Cyriel,Cremonese,6,2023
Ceesay Assan,Lecce,6,2023
Cambiaghi Nicolò,Empoli,6,2023
Pereyra Roberto,Udinese,6,2023
Barella Nicolò,Inter,6,2023
Posch Stefan,Bologna,6,2023
Luis Alberto Romero Alconchel,Lazio,6,2023
Ciurria Patrick,Monza,6,2023
Carlos Augusto Zopolato Neves,Monza,6,2023
Kean Moise,Juventus,6,2023
Hernandez Theo,Milan,5,2023
Colombo Lorenzo,Lecce,5,2023
Pasalic Mario,Atalanta,5,2023
Pinamonti Andrea,Sassuolo,5,2023
Messias Junior,Milan,5,2023
Vlasic Nikola,Torino,5,2023
Lovric Sandi,Udinese,5,2023
Mota Dany,Monza,5,2023
Pessina Matteo,Monza,5,2023
Samardzic Lazar,Udinese,5,2023
Verdi Simone,Verona,5,2023
Bonaventura Giacomo,Fiorentina,5,2023
Caputo Francesco,Empoli,5,2023
,Lazio,4,2023
Muriel Luis,Atalanta,4,2023
Simeone Giovanni,Napoli,4,2023
Baschirotto Federico,Lecce,4,2023
Saponara Riccardo,Fiorentina,4,2023
Pellegrini Lorenzo,Roma,4,2023
Baldanzi Tommaso,Empoli,4,2023
Kouamé Christian,Fiorentina,4,2023
Colpani Andrea,Monza,4,2023
Zappacosta Davide,Atalanta,4,2023
Petagna Andrea,Monza,4,2023
Miranchuk Aleksey,Torino,4,2023
Mkhitaryan Henrikh,Inter,4,2023
Ikoné Jonathan,Fiorentina,4,2023
Sansone Nicola,Bologna,4,2023
Lazovic Darko,Verona,4,2023
Piatek Krzysztof,Salernitana,4,2023
Vilhena Tonny,Salernitana,4,2023
Dimarco Federico,Inter,4,2023
Bremer Gleison,Juventus,4,2023
Matheus Henrique de Souza,Sassuolo,4,2023
Di Maria Angel,Juventus,4,2023
Rebic Ante,Milan,3,2023
Sensi Stefano,Monza,3,2023
Udogie Destiny,Udinese,3,2023
Ibanez Da Silva Roger,Roma,3,2023
Ngonge Cyril,Verona,3,2023
Gosens Robin,Inter,3,2023
Fagioli Nicolò,Juventus,3,2023
Correa Joaquín,Inter,3,2023
Smalling Chris,Roma,3,2023
Lozano Hirving,Napoli,3,2023
Dominguez Nicolas Martin,Bologna,3,2023
Coulibaly Lassana,Salernitana,3,2023
Djuricic Filip,Sampdoria,3,2023
Tsadjout Frank,Cremonese,3,2023
Bijol Jaka,Udinese,3,2023
Verde Daniele,Spezia,3,2023
Danilo Luiz da Silva,Juventus,3,2023
Brozovic Marcelo,Inter,3,2023
Di Lorenzo Giovanni,Napoli,3,2023
Singo Wilfried Stephane,Torino,3,2023
de Roon Marten,Atalanta,3,2023
Politano Matteo,Napoli,3,2023
Henry Thomas,Verona,3,2023
Karamoh Yann,Torino,3,2023
Maehle Joakim,Atalanta,3,2023
Caldirola Luca,Monza,3,2023
Kostic Filip,Juventus,3,2023
Oudin Remi,Lecce,3,2023
Barrow Musa,Bologna,3,2023
Zielinski Piotr,Napoli,3,2023
Anguissa Frank,Napoli,3,2023
Harroui Abdou,Sassuolo,2,2023
Chiesa Federico,Juventus,2,2023
Augello Tommaso,Sampdoria,2,2023
Pobega Tommaso,Milan,2,2023
Rodrigo Becao Nascimento Franca,Udinese,2,2023
Parisi Fabiano,Empoli,2,2023
Scalvini Giorgio,Atalanta,2,2023
Raspadori Giacomo,Napoli,2,2023
Nestorovski Ilija,Udinese,2,2023
Zalewski Nicola,Roma,2,2023
Satriano Martin,Empoli,2,2023
Wijnaldum Georginio,Roma,2,2023
Olivera Mathias,Napoli,2,2023
Pirola Lorenzo,Salernitana,2,2023
Bonazzoli Federico,Salernitana,2,2023
Deulofeu Gerard,Udinese,2,2023
Doig Josh,Verona,2,2023
Gaich Adolfo Julián,Verona,2,2023
Bastoni Simone,Spezia,2,2023
Barak Antonin,Fiorentina,2,2023
Faraoni Davide,Verona,2,2023
Lykogiannis Charalampos,Bologna,2,2023
Di Francesco Federico,Lecce,2,2023
Mazzocchi Pasquale,Salernitana,2,2023
Bennacer Ismael,Milan,2,2023
Calhanoglu Hakan,Inter,2,2023
Romagnoli Alessio,Lazio,2,2023
Marin Razvan,Empoli,2,2023
Banda Lameck,Lecce,2,2023
Zanoli Alessandro,Sampdoria,2,2023
Sernicola Leonardo,Cremonese,2,2023
Milenkovic Nikola,Fiorentina,2,2023
Boga Jeremie,Atalanta,2,2023
Origi Divock,Milan,2,2023
Kim Min-Jae,Napoli,2,2023
Rrahmani Amir,Napoli,2,2023
Ehizibue Kingsley,Udinese,2,2023
Zirkzee Joshua,Bologna,2,2023
Vecino Matías,Lazio,2,2023
Pellegri Pietro,Torino,2,2023
Valeri Emanuele,Cremonese,2,2023
Zapata Duvan,Atalanta,2,2023
Sabiri Abdelhamid,Sampdoria,2,2023
Maldini Daniel,Spezia,2,2023
Tonali Sandro,Milan,2,2023
Matic Nemanja,Roma,2,2023
Ricci Samuele,Torino,2,2023
Thorstvedt Kristian,Sassuolo,2,2023
Defrel Gregoire,Sassuolo,2,2023
Piccoli Roberto,Empoli,2,2023
Castrovilli Gaetano,Fiorentina,2,2023
Toloi Rafael,Atalanta,2,2023
Radonjic Nemanja,Torino,2,2023
Bandinelli Filippo,Empoli,2,2023
Depaoli Fabio,Verona,2,2023
Ebuehi Tyronne,Empoli,2,2023
Gyasi Emmanuel,Spezia,2,2023
Lukic Sasa,Torino,2,2023
Ilic Ivan,Torino,2,2023
Kastanos Grigoris,Salernitana,2,2023
Saelemaekers Alexis,Milan,2,2023
Masina Adam,Udinese,2,2023
Luperto Sebastiano,Empoli,2,2023
Dawidowicz Pawel,Verona,1,2023
Lobotka Stanislav,Napoli,1,2023
Darmian Matteo,Inter,1,2023
Reca Arkadiusz,Spezia,1,2023
Vasquez Johan,Cremonese,1,2023
Cuadrado Juan,Juventus,1,2023
Lochoshvili Luka,Cremonese,1,2023
Martinez Quarta Lucas,Fiorentina,1,2023
Buongiorno Alessandro,Torino,1,2023
Calabria Davide,Milan,1,2023
Palomino José,Atalanta,1,2023
Holm Emil,Spezia,1,2023
Bianchetti Matteo,Cremonese,1,2023
Destro Mattia,Empoli,1,2023
Caputo Francesco,Sampdoria,1,2023
Soriano Roberto,Bologna,1,2023
Marí Pablo,Monza,1,2023
Success Isaac,Udinese,1,2023
De Silvestri Lorenzo,Bologna,1,2023
Kyriakopoulos Georgios,Sassuolo,1,2023
De Vrij Stefan,Inter,1,2023
Rovella Nicolò,Monza,1,2023
Shomurodov Eldor,Spezia,1,2023
Spinazzola Leonardo,Roma,1,2023
Akpa-Akpro Jean-Daniel,Empoli,1,2023
Mancini Gianluca,Roma,1,2023
Moro Nikola,Bologna,1,2023
Demiral Merih,Atalanta,1,2023
Colley Omar,Sampdoria,1,2023
Ceccherini Federico,Verona,1,2023
Djidji Koffi,Torino,1,2023
Gonzalez  Joan,Lecce,1,2023
Leris Mehdi Pascal Marcel,Sampdoria,1,2023
Ederson José dos Santos,Atalanta,1,2023
Amione Bruno,Sampdoria,1,2023
Gaetano Gianluca,Napoli,1,2023
Kallon Yayah,Verona,1,2023
Aina Ola,Torino,1,2023
Blin Alexis,Lecce,1,2023
Paredes Leandro,Juventus,1,2023
Ibrahimovic Zlatan,Milan,1,2023
Izzo Armando,Monza,1,2023
Romero Luka,Lazio,1,2023
Mandragora Rolando,Fiorentina,1,2023
Dodo Cordeiro dos Santos,Fiorentina,1,2023
Iling-Junior Samuel,Juventus,1,2023
Biraghi Cristiano,Fiorentina,1,2023
Bove Edoardo,Roma,1,2023
Gunter Koray,Verona,1,2023
Esposito Salvatore,Spezia,1,2023
Troost-Ekong William,Salernitana,1,2023
Galdames Pablo,Cremonese,1,2023
Quagliarella Fabio,Sampdoria,1,2023
Bajrami Nedim,Empoli,1,2023
Aebischer Michel,Bologna,1,2023
Antiste Janis,Sassuolo,1,2023
Karamoko Ibrahim,Torino,1,2023
Tomori Fikayo,Milan,1,2023
Zortea Nadir,Atalanta,1,2023
McKennie Weston,Juventus,1,2023
Lasagna Kevin,Verona,1,2023
Hateboer Hans,Atalanta,1,2023
Hysaj Elseid,Lazio,1,2023
Lammers Sam,Empoli,1,2023
Buonaiuto Cristian,Cremonese,1,2023
Fazio Federico,Salernitana,1,2023
Malinovskyi Ruslan,Atalanta,1,2023
Ferrari Gian Marco,Sassuolo,1,2023
Dumfries Denzel,Inter,1,2023
Bonucci Leonardo,Juventus,1,2023
Terzic Aleksa,Fiorentina,1,2023
Nicolussi Caviglia Hans,Salernitana,1,2023
Jesé  Rodríguez Ruiz,Sampdoria,1,2023
Alvarez  Agustin,Sassuolo,1,2023
Ranocchia Filippo,Monza,1,2023
Basic Toma,Lazio,1,2023
Zeegelaar Marvin,Udinese,1,2023
Ghiglione Paolo,Cremonese,1,2023
Ndombele Tanguy,Napoli,1,2023
Haas Nicolas,Empoli,1,2023
Linetty Karol,Torino,1,2023
Gytkjaer Christian,Monza,1,2023
Casale Nicolò,Lazio,1,2023
Pickel Charles,Cremonese,1,2023
Solbakken Ola,Roma,1,2023
Zaniolo Nicolò,Roma,1,2023
Arslan Tolgay,Udinese,1,2023
Wisniewski Przemyaslaw,Spezia,1,2023
Soulé Matias,Juventus,1,2023
Nikolaou Dimitrios,Spezia,1,2023
Cristante Bryan,Roma,1,2023
Donati Giulio,Monza,1,2023
Antonio Marcos,Lazio,1,2023
Ballo-Toure Fode,Milan,1,2023
Duncan Alfred,Fiorentina,1,2023
Bajrami Nedim,Sassuolo,1,2023
Kalulu  Pierre,Milan,1,2023
Bourabia Mehdi,Spezia,1,2023
Djuric Milan,Verona,1,2023
Lammers Sam,Sampdoria,1,2023
Volpato Cristian,Roma,1,2023
Botheim Erik,Salernitana,1,2023
Juan Jesus Guilherme,Napoli,1,2023
Perez Nehuen,Udinese,1,2023
Martinez Lautaro,Inter,24,2024
Vlahovic Dusan,Juventus,16,2024
Giroud Olivier,Milan,15,2024
Osimhen Victor,Napoli,15,2024
Gudmundsson Albert,Genoa,14,2024
Dybala Paulo,Roma,13,2024
Zapata Duvan,Torino,13,2024
Calhanoglu Hakan,Inter,13,2024
Thuram Marcus,Inter,13,2024
Lukaku Romelu,Roma,13,2024
Pulisic Christian,Milan,12,2024
Scamacca Gianluca,Atalanta,12,2024
Koopmeiners Teun,Atalanta,12,2024
Gonzalez Nicolas,Fiorentina,12,2024
Pinamonti Andrea,Sassuolo,11,2024
Lookman Ademola,Atalanta,11,2024
Soulé Matias,Frosinone,11,2024
Zirkzee Joshua,Bologna,11,2024
Kvaratskhelia Khvicha,Napoli,11,2024
Orsolini Riccardo,Bologna,10,2024
De Ketelaere Charles,Atalanta,10,2024
Chiesa Federico,Juventus,9,2024
Berardi Domenico,Sassuolo,9,2024
Djuric Milan,Monza (4) -  Verona (5 (1 r.)),9,2024
Leao Rafael,Milan,9,2024
Bonaventura Giacomo,Fiorentina,8,2024
Pellegrini Lorenzo,Roma,8,2024
Politano Matteo,Napoli,8,2024
Colpani Andrea,Monza,8,2024
Lucca Lorenzo,Udinese,8,2024
Immobile Ciro,Lazio,7,2024
Cheddira Walid,Frosinone,7,2024
Ngonge Cyril,Napoli (1) -  Verona (6),7,2024
Krstovic Nikola,Lecce,7,2024
Retegui Mateo,Genoa,7,2024
Vecino Matías,Lazio,6,2024
Candreva Antonio,Salernitana,6,2024
Pasalic Mario,Atalanta,6,2024
Niang M'Baye,Empoli,6,2024
Belotti Andrea,Roma (3) -  Fiorentina (3),6,2024
Zaccagni Mattia,Lazio,6,2024
Pessina Matteo,Monza,6,2024
Loftus-Cheek Ruben,Milan,6,2024
Frattesi Davide,Inter,6,2024
Okafor Noah,Milan,6,2024
Jovic Luka,Milan,6,2024
Thorstvedt Kristian,Sassuolo,6,2024
Samardzic Lazar,Udinese,6,2024
Ferguson Lewis,Bologna,6,2024
Ederson José dos Santos,Atalanta,6,2024
Beltran Lucas,Fiorentina,6,2024
Dimarco Federico,Inter,5,2024
Felipe Anderson Pereira Gomes,Lazio,5,2024
Luis Alberto Romero Alconchel,Lazio,5,2024
Mazzitelli Luca,Frosinone,5,2024
Viola Nicolas,Cagliari,5,2024
Rabiot Adrien,Juventus,5,2024
Folorunsho Michael,Verona,5,2024
Gaetano Gianluca,Napoli (1) -  Cagliari (4 (1 r.)),5,2024
Raspadori Giacomo,Napoli,5,2024
Hernandez Theo,Milan,5,2024
Piccoli Roberto,Lecce,5,2024
Thauvin Florian,Udinese,5,2024
Sanabria Antonio,Torino,5,2024
Laurientè Armand,Sassuolo,5,2024
Arnautovic Marko,Inter,5,2024
Fabbian Giovanni,Bologna,5,2024
Martinez Quarta Lucas,Fiorentina,5,2024
Noslin Tijani,Verona,5,2024
Pavoletti Leonardo,Cagliari,4,2024
Milik Arkadiusz,Juventus,4,2024
Mancini Gianluca,Roma,4,2024
Maggiore Giulio,Salernitana,4,2024
Mota Dany,Monza,4,2024
Aouar Houssem,Roma,4,2024
Malinovskyi Ruslan,Genoa,4,2024
Brescianini Marco,Frosinone,4,2024
Dumfries Denzel,Inter,4,2024
Zurkowski Szymon,Empoli,4,2024
Maldini Daniel,Monza,4,2024
Colombo Lorenzo,Monza,4,2024
Saelemaekers Alexis,Bologna,4,2024
Cancellieri Matteo,Empoli,4,2024
Gatti Federico,Juventus,4,2024
Tomori Fikayo,Milan,4,2024
Pereyra Roberto,Udinese,4,2024
Dia Boulaye,Salernitana,4,2024
Luvumbo Zito,Cagliari,4,2024
Ekuban Caleb,Genoa,4,2024
Castellanos Valentin,Lazio,4,2024
Tchaouna Loum,Salernitana,4,2024
Simy Nwankwo,Salernitana,3,2024
Lazovic Darko,Verona,3,2024
Mandragora Rolando,Fiorentina,3,2024
Lapadula Gianluca,Cagliari,3,2024
Zielinski Piotr,Napoli,3,2024
Cristante Bryan,Roma,3,2024
Paredes Leandro,Roma,3,2024
El Shaarawy Stephan,Roma,3,2024
Acerbi Francesco,Inter,3,2024
Bonazzoli Federico,Verona,3,2024
Caputo Francesco,Empoli,3,2024
Nzola M'Bala,Fiorentina,3,2024
Azmoun Sardar,Roma,3,2024
Kastanos Grigoris,Salernitana,3,2024
Buongiorno Alessandro,Torino,3,2024
Vlasic Nikola,Torino,3,2024
Radonjic Nemanja,Torino,3,2024
Miranchuk Aleksey,Atalanta,3,2024
Bremer Gleison,Juventus,3,2024
Rrahmani Amir,Napoli,3,2024
Ikoné Jonathan,Fiorentina,3,2024
Ilic Ivan,Torino,3,2024
Shomurodov Eldor,Cagliari,3,2024
Oudin Remi,Lecce,3,2024
Harroui Abdou,Frosinone,3,2024
Isaksen Gustav,Lazio,3,2024
Suslov Tomas,Verona,3,2024
Kaio Jorge Pinto Ramos,Frosinone,3,2024
Henry Thomas,Verona,3,2024
Reijnders Tijjani,Milan,3,2024
Barella Nicolò,Inter,2,2024
Rugani Daniele,Juventus,2,2024
Patric Gabarron Gil,Lazio,2,2024
Biraghi Cristiano,Fiorentina,2,2024
Muriel Luis,Atalanta,2,2024
Lirola Pol,Frosinone,2,2024
Duncan Alfred,Fiorentina,2,2024
De Silvestri Lorenzo,Bologna,2,2024
Zappacosta Davide,Atalanta,2,2024
Kouamé Christian,Fiorentina,2,2024
Bani Mattia,Genoa,2,2024
Sanchez Alexis,Inter,2,2024
Mkhitaryan Henrikh,Inter,2,2024
Darmian Matteo,Inter,2,2024
Sansone Nicola,Lecce,2,2024
Ranieri Luca,Fiorentina,2,2024
Sottil Riccardo,Fiorentina,2,2024
Gabbia Matteo,Milan,2,2024
Zortea Nadir,Frosinone (1) -  Atalanta (1),2,2024
Dossena Alberto,Cagliari,2,2024
Barak Antonin,Fiorentina,2,2024
Bennacer Ismael,Milan,2,2024
Odgaard Jens,Bologna,2,2024
Cambiaso Andrea,Juventus,2,2024
Lykogiannis Charalampos,Bologna,2,2024
Mina Yerry,Cagliari,2,2024
Nandez Nahitan,Cagliari,2,2024
Arthur Henrique Ramos,Fiorentina,2,2024
Calafiori Riccardo,Bologna,2,2024
Guendouzi Matteo,Lazio,2,2024
Elmas Eljif,Napoli,2,2024
Monterisi Ilario,Frosinone,2,2024
Thorsby Morten,Genoa,2,2024
Walace Souza Silva,Udinese,2,2024
Bajrami Nedim,Sassuolo,2,2024
Dragusin Radu,Genoa,2,2024
Oristanio Gaetano,Cagliari,2,2024
Baldanzi Tommaso,Empoli,2,2024
Kamada Daichi,Lazio,2,2024
Touré El Bilal,Atalanta,2,2024
Coppola Diego,Verona,2,2024
Reinier Jesus Carvalho,Frosinone,2,2024
Swiderski Karol,Verona,2,2024
Gendrey Valentin,Lecce,2,2024
Matheus Henrique De Souza,Sassuolo,2,2024
Frendrup Morten,Genoa,2,2024
Vitinha Vítor Manuel,Genoa,2,2024
Carboni V. Valentin,Monza,2,2024
Sulemana Ibrahim,Cagliari,2,2024
Huijsen Dean,Roma,2,2024
Zarraga Oier,Udinese,2,2024
Banda Lameck,Lecce,2,2024
Yildiz Kenan,Juventus,2,2024
Dorgu Patrick,Lecce,2,2024
Bisseck Yann,Inter,2,2024
El Azzouzi Oussama,Bologna,2,2024
Almqvist Pontus,Lecce,2,2024
Payero Martin,Udinese,2,2024
Freuler Remo,Bologna,1,2024
Gagliardini Roberto,Monza,1,2024
Spinazzola Leonardo,Roma,1,2024
Petagna Andrea,Cagliari,1,2024
Di Francesco Federico,Lecce,1,2024
Ferrari Gian Marco,Sassuolo,1,2024
Badelj Milan,Genoa,1,2024
Biraschi Davide,Genoa,1,2024
Simeone Giovanni,Napoli,1,2024
Alex Sandro Lobo Silva,Juventus,1,2024
De Vrij Stefan,Inter,1,2024
Cataldi Danilo,Lazio,1,2024
Calabria Davide,Milan,1,2024
Locatelli Manuel,Juventus,1,2024
Fazio Federico,Salernitana,1,2024
Juan Jesus Guilherme,Napoli,1,2024
Florenzi Alessandro,Milan,1,2024
Erlic Martin,Sassuolo,1,2024
Defrel Gregoire,Sassuolo,1,2024
Jankto Jakub,Cagliari,1,2024
Castrovilli Gaetano,Fiorentina,1,2024
Romagnoli Simone,Frosinone,1,2024
Luperto Sebastiano,Empoli,1,2024
Cerri Alberto,Empoli,1,2024
Strefezza Gabriel,Lecce,1,2024
Baez Jaime,Frosinone,1,2024
Deiola Alessandro,Cagliari,1,2024
Gyasi Emmanuel,Empoli,1,2024
Bastoni Simone,Empoli,1,2024
Augello Tommaso,Cagliari,1,2024
Di Lorenzo Giovanni,Napoli,1,2024
Messias Junior,Genoa,1,2024
Renato Sanches Junior Luz,Roma,1,2024
Danilo Luiz da Silva,Juventus,1,2024
Kovalenko Viktor,Empoli,1,2024
Pellegrini Luca,Lazio,1,2024
Bastoni Alessandro,Inter,1,2024
Pellegri Pietro,Torino,1,2024
Bellanova Raoul,Torino,1,2024
Zappa Gabriele,Cagliari,1,2024
Moro Nikola,Bologna,1,2024
Rodriguez Ricardo,Torino,1,2024
Marusic Adam,Lazio,1,2024
Cambiaghi Nicolò,Empoli,1,2024
Pirola Lorenzo,Salernitana,1,2024
Posch Stefan,Bologna,1,2024
Llorente Diego,Roma,1,2024
Duda Ondrej,Verona,1,2024
Kristensen Rasmus,Roma,1,2024
Racic Uros,Sassuolo,1,2024
Kolasinac Sead,Atalanta,1,2024
Boloca Daniel,Sassuolo,1,2024
Ricci Samuele,Torino,1,2024
Pierozzi Niccolò,Salernitana,1,2024
Kabasele Christian,Udinese,1,2024
Adli Yacine,Milan,1,2024
Carboni A. Andrea,Monza,1,2024
Schuurs Perr,Torino,1,2024
Bakker Mitchel,Atalanta,1,2024
Rafia Hamza,Lecce,1,2024
Chukwueze Samuel,Milan,1,2024
Asllani Kristjan,Inter,1,2024
Viti Mattia,Sassuolo,1,2024
Caldirola Luca,Monza,1,2024
Brekalo Josip,Fiorentina,1,2024
Ramadani Ylber,Lecce,1,2024
Abraham Tammy,Roma,1,2024
Miretti Fabio,Juventus,1,2024
Maric Mirko,Monza,1,2024
Vignato Samuele,Monza,1,2024
Scalvini Giorgio,Atalanta,1,2024
Iling-Junior Samuel,Juventus,1,2024
Traorè Chaka,Milan,1,2024
Kayode Olabode Michael,Fiorentina,1,2024
Weissman Shon,Salernitana,1,2024
Ndoye Dan,Bologna,1,2024
Fazzini Jacopo,Empoli,1,2024
Volpato Cristian,Sassuolo,1,2024
Kamara Hassane,Udinese,1,2024
Sambia Junior,Salernitana,1,2024
Prati Matteo,Cagliari,1,2024
Lovric Sandi,Udinese,1,2024
Ostigard Leo,Napoli,1,2024
Davis Keinan,Udinese,1,2024
Vasquez Johan,Genoa,1,2024
Success Isaac,Udinese,1,2024
Gonzalez  Joan,Lecce,1,2024
Olivera Mathias,Napoli,1,2024
Zemura Jordan,Udinese,1,2024
Cabral Jovane,Salernitana,1,2024
Holm Emil,Atalanta,1,2024
Bondo Warren,Monza,1,2024
Makoumbou Antoine,Cagliari,1,2024
Savva  Zannetos,Torino,1,2024
Simic  Jan-Carlo,Milan,1,2024
Buchanan Tajon,Inter,1,2024
Ibrahimovic Arijon,Frosinone,1,2024
Beukema Sam,Bologna,1,2024
Cuni Marvin,Frosinone,1,2024
Martegani Agustin,Salernitana,1,2024
Ikwuemesi Chukwubuikem,Salernitana,1,2024
Mutandwa  Kingstone,Cagliari,1,2024
Pedro Rodriguez Ledesma,Lazio,1,2024
Giannetti Lautaro,Udinese,1,2024
Castro Santiago,Bologna,1,2024
